TRANS_DATE,TOTAL_SPEND,TRANS_COUNT
2020-01-01,132850042.9371,2617115.7879
2020-01-02,158376673.9729,3133938.3285
2020-01-03,178649450.4238,3435582.3603
2020-01-04,165677747.5414,3334513.6009
2020-01-05,143581851.1024,2973628.9991
2020-01-06,144033103.7974,2978624.3245
2020-01-07,140706407.6677,2926138.6804
2020-01-08,136845582.1295,2942696.7674000002
2020-01-09,136801120.23749998,2965173.6686
2020-01-10,161907262.6906,3361671.0536
2020-01-11,158186337.2931,3334764.9163
2020-01-12,139394479.7887,3065033.766
2020-01-13,138228978.3015,2886282.0584
2020-01-14,132795349.044,2946473.1137
2020-01-15,145479424.9066,3069722.4587
2020-01-16,138196507.0113,3022793.0298
2020-01-17,167595335.9045,3457071.6723
2020-01-18,160031534.253,3368489.1523
2020-01-19,140050628.8205,3102355.2056
2020-01-20,148621120.88910002,3174082.151
2020-01-21,137223957.0119,2977496.5965
2020-01-22,133357304.6432,2918377.3466
2020-01-23,139957655.4454,3026281.1776
2020-01-24,164385123.6212,3450481.5545
2020-01-25,159887024.5128,3450336.8031
2020-01-26,143899468.2515,3131942.8743999996
2020-01-27,137216640.0658,2998691.7602
2020-01-28,133642476.7675,2947270.1747
2020-01-29,129629442.00400001,2889972.4886
2020-01-30,134609484.2668,3013458.1602
2020-01-31,175758266.8087,3529201.6029
2020-02-01,200608743.4639,3906460.1462
2020-02-02,147408239.1941,3181084.5411
2020-02-03,152220019.0621,3007400.3996
2020-02-04,145490744.7965,3032267.6246
2020-02-05,140054668.973,2991020.0603
2020-02-06,139775530.05879998,3051808.2112
2020-02-07,171807190.6502,3596054.3265
2020-02-08,166656830.76860002,3605003.4242
2020-02-09,150173128.6491,3218824.7312
2020-02-10,142918676.6975,3047473.9767
2020-02-11,139807584.4232,3073073.3596
2020-02-12,143410305.1963,3238228.4476
2020-02-13,157281249.9514,3431557.0524999998
2020-02-14,187774247.4302,3939836.9274
2020-02-15,171619449.5254,3574333.9887
2020-02-16,147391706.9694,3269623.7517
2020-02-17,156231173.391,3330449.4185
2020-02-18,143064447.6729,3075654.5783
2020-02-19,137695717.8683,3050079.8757
2020-02-20,146357652.0683,3177340.0219
2020-02-21,171619774.738,3545741.4827
2020-02-22,166300772.8251,3576301.4924
2020-02-23,149479761.2618,3291706.677
2020-02-24,142836632.5137,3077081.3151000002
2020-02-25,143741122.5738,3095993.2443999997
2020-02-26,156430777.5925,3184822.7607
2020-02-27,155848420.8627,3266853.0219
2020-02-28,191240862.917,3761594.6926
2020-02-29,195660019.1338,3912434.405
2020-03-01,189445569.9147,3677450.6919
2020-03-02,172673811.9502,3323540.7154
2020-03-03,165386154.206,3263111.7336999997
2020-03-04,154279003.1457,3233295.4388
2020-03-05,161085772.8152,3319380.2714
2020-03-06,183935697.788,3700610.2639
2020-03-07,181950685.359,3689424.8159
2020-03-08,150901688.3505,3303488.4002
2020-03-09,153395581.9461,3249580.4253000002
2020-03-10,147937731.56599998,3135777.0335
2020-03-11,155807909.3401,3262768.156
2020-03-12,175190614.7791,3432396.482
2020-03-13,214542198.2288,3979153.1406
2020-03-14,190573174.7303,3630852.8601
2020-03-15,152059965.6068,3109408.7704
2020-03-16,172863983.4806,3200681.3109
2020-03-17,148370920.2411,2898378.5911
2020-03-18,137038849.0834,2683249.0479
2020-03-19,136749789.879,2765746.5899
2020-03-20,166676876.1764,3063847.3465
2020-03-21,131745964.2163,2660124.1624
2020-03-22,104301068.1151,2233805.3415
2020-03-23,116835788.3445,2341915.7182
2020-03-24,115164023.2268,2334699.3261
2020-03-25,116537695.712,2329948.9359
2020-03-26,117751154.4604,2335534.0907
2020-03-27,134573288.7272,2666938.7015
2020-03-28,118247923.8714,2421051.1695
2020-03-29,97593154.3298,2166827.9427
2020-03-30,112863298.9592,2203179.0874
2020-03-31,126483003.7439,2328405.1589
2020-04-01,150397757.8398,2605842.6804
2020-04-02,132169033.6894,2468825.6404
2020-04-03,149690196.3296,2703615.9782000002
2020-04-04,129437191.48,2502743.1482
2020-04-05,105267464.9,2167294.5407
2020-04-06,120242175.0027,2332328.1525
2020-04-07,122224901.1361,2293580.6219
2020-04-08,117425215.7495,2327434.4355
2020-04-09,122164737.5316,2384646.3087999998
2020-04-10,145459077.6819,2708756.4977
2020-04-11,127301015.7149,2597541.0245
2020-04-12,77186801.62189999,1776221.8199
2020-04-13,117621752.5245,2266283.2011
2020-04-14,120268120.3879,2353792.8358
2020-04-15,168040188.4942,2774509.8818
2020-04-16,146411993.4812,2675641.0731
2020-04-17,157465800.2301,2849314.4083
2020-04-18,141112714.1469,2682353.8592
2020-04-19,117019863.8155,2362485.0891
2020-04-20,132171496.38769999,2528947.8083
2020-04-21,137861492.0002,2582037.2912
2020-04-22,133504623.1211,2512018.5812
2020-04-23,135399204.9144,2552192.9426
2020-04-24,147718419.6177,2760654.0982
2020-04-25,140799156.1713,2746735.0136
2020-04-26,117956539.884,2440698.3736
2020-04-27,130519421.50050001,2605687.3105
2020-04-28,143142795.237,2661292.3499000003
2020-04-29,137913036.5602,2622613.5105
2020-04-30,153876380.4746,2791558.6001999998
2020-05-01,189975624.9874,3219822.7117
2020-05-02,156852763.8096,2973060.4896
2020-05-03,129294629.2366,2652109.6794
2020-05-04,152539257.9776,2793857.1562
2020-05-05,151513211.4623,2850464.8036
2020-05-06,143340786.0183,2815568.6896
2020-05-07,149187092.8801,2835198.7304000002
2020-05-08,167741173.7583,3107118.6585
2020-05-09,163478987.2739,3146449.2649
2020-05-10,127822537.5784,2732783.2293000002
2020-05-11,138173944.39519998,2667757.0345
2020-05-12,139111481.3255,2723781.5108000003
2020-05-13,140833846.4943,2791067.962
2020-05-14,145160594.84170002,2798211.0484
2020-05-15,174089914.0758,3146051.9093
2020-05-16,152598447.8144,3055125.414
2020-05-17,129468438.4523,2693194.4928
2020-05-18,145124193.0641,2786460.5111
2020-05-19,149354818.3651,2863273.817
2020-05-20,154744354.5296,2874140.7269
2020-05-21,154858868.17520002,2974140.957
2020-05-22,174148037.241,3292823.2239
2020-05-23,157939551.915,3138855.3717
2020-05-24,130142533.9182,2737041.6235
2020-05-25,133232510.3588,2728062.8059
2020-05-26,150247854.1483,2900437.0479
2020-05-27,153017045.354,2923406.3109
2020-05-28,153498595.4943,2984794.0704
2020-05-29,177065526.246,3242119.1432000003
2020-05-30,159350267.3208,3097506.364
2020-05-31,137962656.56689999,2746405.3966
2020-06-01,166450618.25530002,2981003.3189
2020-06-02,157513063.4258,2991972.764
2020-06-03,158065000.7069,2984666.8784
2020-06-04,155698200.7287,2946112.9874
2020-06-05,178561120.5,3284617.3824
2020-06-06,160085194.6654,3180109.2506
2020-06-07,137910030.9935,2823200.256
2020-06-08,157722485.7757,2988592.074
2020-06-09,153875129.0658,3001566.9477
2020-06-10,157903212.8157,3052649.499
2020-06-11,154792744.60300002,3079961.2993
2020-06-12,179143379.3964,3413182.6465
2020-06-13,169870694.979,3348377.6934
2020-06-14,140769458.145,2979370.2407
2020-06-15,159556393.92339998,3056985.553
2020-06-16,165750862.6169,3122442.4836
2020-06-17,162497724.33359998,3160947.0418
2020-06-18,166559163.5257,3205959.8376
2020-06-19,183346000.8833,3565048.8649
2020-06-20,177690413.9028,3476522.5990999998
2020-06-21,141716411.3258,2976356.8814
2020-06-22,155521015.5863,3041453.1544
2020-06-23,158646240.7932,3035453.8785
2020-06-24,156031391.8974,3063493.4772
2020-06-25,161662256.3751,3215217.4184
2020-06-26,182997264.2462,3504252.7546
2020-06-27,168903197.9194,3306797.2025
2020-06-28,148306816.5854,2998036.0242
2020-06-29,160673749.87060001,3077608.7254
2020-06-30,176377017.1946,3215127.5216
2020-07-01,195503705.0053,3346727.3912
2020-07-02,184107624.7758,3396631.624
2020-07-03,204223671.7987,3700964.8263
2020-07-04,141631314.922,2935743.3777
2020-07-05,135981950.612,2772902.6201
2020-07-06,162098449.3161,3076787.1792
2020-07-07,162675034.7221,3052088.8758
2020-07-08,158166165.1191,3050605.1027
2020-07-09,161252068.5849,3077628.3904
2020-07-10,184691855.0851,3472566.9893
2020-07-11,167005973.3971,3462256.6752
2020-07-12,144124244.3685,3017445.6559
2020-07-13,159957813.7313,3135738.4049
2020-07-14,160878896.5578,3100334.3165
2020-07-15,166485052.81939998,3192652.3389
2020-07-16,162848103.0032,3156842.6436
2020-07-17,185643860.0635,3503140.3329
2020-07-18,165581958.9672,3342291.6154
2020-07-19,144841000.703,3032541.9377
2020-07-20,160617251.4958,3071110.5818000003
2020-07-21,158193820.0545,3086101.204
2020-07-22,156681557.5827,3105918.4781
2020-07-23,160443914.7242,3178777.5094
2020-07-24,179554482.8586,3485245.9461
2020-07-25,168341854.4848,3382150.1129
2020-07-26,148270225.3143,3093397.6296
2020-07-27,157479691.5444,3019238.9725
2020-07-28,159455621.0541,3103835.9276
2020-07-29,156949122.2488,3044179.4971
2020-07-30,160509294.3079,3140474.413
2020-07-31,195709614.0094,3518151.1959
2020-08-01,194612264.3345,3617716.6693
2020-08-02,156844600.81599998,3092816.7031
2020-08-03,176687779.255,3253067.9233
2020-08-04,159454239.8587,3087943.3882
2020-08-05,162951510.4463,3148042.8573000003
2020-08-06,161558240.2867,3183735.5294
2020-08-07,185897379.792,3490017.2065
2020-08-08,173559421.0381,3518860.9283
2020-08-09,151975391.1186,3184359.9030999998
2020-08-10,164983181.2014,3157135.8951
2020-08-11,159105561.1901,3181754.9601
2020-08-12,155085519.9804,3150294.3005
2020-08-13,163708977.8258,3215175.8991
2020-08-14,190500918.0891,3545070.1303
2020-08-15,177497448.2992,3554349.0999
2020-08-16,151631860.3186,3126830.1791
2020-08-17,163713380.3862,3165451.9522
2020-08-18,157276559.844,3137138.1001999998
2020-08-19,156684126.2407,3238739.9859
2020-08-20,160355668.4849,3210869.9795999997
2020-08-21,188079498.0968,3585362.2036
2020-08-22,171231900.5735,3548413.4799
2020-08-23,151988214.2237,3186805.8948
2020-08-24,155771191.5381,3122981.3614
2020-08-25,159448909.2159,3201277.5343
2020-08-26,155848570.7553,3144750.3465
2020-08-27,156225348.9491,3184982.3985
2020-08-28,178836227.5872,3526385.1305
2020-08-29,174902348.674,3554069.009
2020-08-30,152634012.00620002,3150744.2914
2020-08-31,164580790.5181,3047579.0415
2020-09-01,191886068.2229,3359411.2198
2020-09-02,168913282.4948,3182896.2863
2020-09-03,172502628.91030002,3357518.3039
2020-09-04,201124543.4663,3731853.5194
2020-09-05,185422122.2109,3595906.7742
2020-09-06,148231889.5657,3174065.2577
2020-09-07,155618588.9897,3181448.1595
2020-09-08,163545986.1262,3121008.2733
2020-09-09,163138986.4382,3132700.3828
2020-09-10,161446827.9314,3198677.4738
2020-09-11,181472424.9261,3468917.3793
2020-09-12,174394831.6227,3540557.5399
2020-09-13,150822322.0421,3140596.434
2020-09-14,157104028.7061,3109224.1967
2020-09-15,173798875.9878,3243704.4383
2020-09-16,157688422.95949998,3150454.6679000002
2020-09-17,161414627.5912,3241668.5647
2020-09-18,186732694.8114,3632722.3775
2020-09-19,178774010.4619,3621247.9342
2020-09-20,157367373.53460002,3276414.3472
2020-09-21,162742012.3284,3083948.8845
2020-09-22,153611677.2752,3105164.5229
2020-09-23,157420173.11879998,3188369.1513
2020-09-24,156048876.4638,3216943.8523
2020-09-25,184747648.9598,3608284.0450999998
2020-09-26,180268144.9779,3641438.0393
2020-09-27,152972143.9425,3263698.1251
2020-09-28,158632630.5879,3125649.6168
2020-09-29,157162925.2957,3162394.6722
2020-09-30,168013128.054,3246719.3616
2020-10-01,194325096.091,3555242.3649
2020-10-02,196159290.9825,3686024.6654000003
2020-10-03,189336434.2053,3676272.7135
2020-10-04,159840726.0903,3272275.16
2020-10-05,169148138.2539,3200269.5952
2020-10-06,160215390.1714,3120671.8782
2020-10-07,153899569.4507,3145676.8194999998
2020-10-08,158372867.7792,3228188.1144
2020-10-09,188772001.4785,3657166.0633
2020-10-10,176354292.5323,3625585.6832
2020-10-11,151250128.2725,3160069.4222
2020-10-12,156580563.17900002,3198703.2107
2020-10-13,162874470.7274,3244286.2218
2020-10-14,164723547.6879,3254160.8016999997
2020-10-15,177849483.9147,3393949.4515
2020-10-16,192398983.3459,3689905.9361
2020-10-17,184552224.5994,3756140.5456
2020-10-18,157898047.3383,3314850.9726
2020-10-19,159547704.7755,3181772.3087
2020-10-20,158970204.508,3170599.9987
2020-10-21,159708466.2629,3205505.6339
2020-10-22,156296935.4906,3260603.6876
2020-10-23,184797212.0399,3699802.3265
2020-10-24,180293034.7837,3651027.6252
2020-10-25,158340335.518,3235181.9709
2020-10-26,156503694.4608,3213300.0201
2020-10-27,155254397.7326,3227308.4030999998
2020-10-28,156938166.133,3209078.9223
2020-10-29,161648002.0367,3228156.1596999997
2020-10-30,203294110.6099,3788371.46
2020-10-31,185192214.4533,3663715.1565
2020-11-01,180908683.5018,3412903.8674
2020-11-02,178481104.4303,3251969.2016000003
2020-11-03,170033274.4187,3265387.3555
2020-11-04,156341390.5071,3079677.8018
2020-11-05,166406060.5038,3225405.9029
2020-11-06,189055629.1948,3628887.4484
2020-11-07,183539986.608,3716411.8926
2020-11-08,160872463.7196,3188697.9243
2020-11-09,166404676.7691,3124207.9539
2020-11-10,164477394.9376,3165689.0509
2020-11-11,170300096.173,3277376.6010000003
2020-11-12,166364886.0881,3164319.6225
2020-11-13,202346647.5846,3768451.4188
2020-11-14,196222459.7548,3770481.4673
2020-11-15,178740151.2722,3383047.4904
2020-11-16,172869921.638,3298161.0707
2020-11-17,172314355.39949998,3240807.9922
2020-11-18,168442648.601,3291542.2696
2020-11-19,175313928.2989,3365889.2095999997
2020-11-20,204528859.5149,3749927.5612
2020-11-21,199218480.3743,3814194.271
2020-11-22,172296032.2589,3422733.7784
2020-11-23,192916236.357,3514358.7511
2020-11-24,191483270.136,3599197.1986000002
2020-11-25,212620367.2395,4055158.3667
2020-11-26,105260752.3785,2071708.7072
2020-11-27,238375975.738,3927900.3331
2020-11-28,213473660.4457,3850784.8544
2020-11-29,185781488.1499,3546035.5631
2020-11-30,237591286.184,3820650.8285
2020-12-01,237817950.9878,3905729.6964
2020-12-02,193574729.6944,3547616.8094
2020-12-03,203124737.5065,3627214.5631
2020-12-04,217009054.5189,3979130.9982
2020-12-05,218277423.0885,4006464.8894
2020-12-06,180743937.9843,3555964.3683
2020-12-07,190151462.5018,3500060.2819
2020-12-08,181703193.5425,3464841.6943
2020-12-09,187864115.3171,3479027.9263
2020-12-10,193001517.7722,3621949.0757
2020-12-11,218387374.3225,3998348.2301000003
2020-12-12,213767956.7638,3980082.9613
2020-12-13,189264372.4763,3577801.0915
2020-12-14,190886308.1444,3604512.8909
2020-12-15,208210539.45679998,3784737.2039
2020-12-16,195144478.5418,3593550.3403
2020-12-17,187969072.712,3550042.828
2020-12-18,224087498.8658,4048735.819
2020-12-19,222346273.5268,4088190.7251
2020-12-20,195453317.0194,3654701.897
2020-12-21,213660757.4134,3869514.1258
2020-12-22,211625276.1516,3968684.6901
2020-12-23,237301515.26119998,4171942.9842
2020-12-24,209308353.5463,3753057.7512
2020-12-25,70019212.7241,1429064.5367
2020-12-26,151506061.9838,3119923.2718
2020-12-27,138887286.0575,3010985.0587
2020-12-28,170235401.3471,3237709.5013
2020-12-29,169808295.072,3262380.2707
2020-12-30,177468469.42610002,3345091.4561
2020-12-31,204818323.5643,3718149.4893
2021-01-01,167537188.0098,2910926.4027
2021-01-02,180276440.0847,3431978.1542
2021-01-03,164494222.7869,3184054.7956
2021-01-04,182755357.9017,3260386.0948
2021-01-05,172044472.8312,3162967.3749
2021-01-06,156733457.7072,3066261.0636
2021-01-07,158988087.1836,3105246.6434
2021-01-08,184882843.6252,3505938.646
2021-01-09,183168114.8847,3568605.9869999997
2021-01-10,157112827.8323,3106260.438
2021-01-11,155963371.0311,3118429.6323
2021-01-12,156432252.5977,3048976.8907
2021-01-13,155006030.6858,3071445.7464
2021-01-14,155483722.8801,3130546.6457
2021-01-15,190979652.04,3594325.5699
2021-01-16,178401554.9097,3572022.8279999997
2021-01-17,155451171.0203,3201710.6406
2021-01-18,162827237.3293,3251601.397
2021-01-19,155443818.7931,3056720.6302
2021-01-20,153525466.6907,3000234.6702
2021-01-21,159609608.4643,3067933.3682
2021-01-22,179519782.663,3453672.6231
2021-01-23,178536243.2571,3532275.552
2021-01-24,152625374.4628,3190681.7047
2021-01-25,160769737.0612,3074580.0838
2021-01-26,153150160.5116,3016427.0599
2021-01-27,148153630.4384,2968512.9153
2021-01-28,156755369.3858,3154125.4455
2021-01-29,186827361.003,3452133.6501
2021-01-30,187019063.3864,3592913.3349
2021-01-31,162763787.3721,3199426.1233
2021-02-01,179287466.0021,3100940.5701
2021-02-02,159318680.7674,2956286.5519999997
2021-02-03,166073934.972,3146019.2636
2021-02-04,167924724.4675,3193849.8733
2021-02-05,198087416.6531,3652677.1864
2021-02-06,188942600.7658,3714641.2817
2021-02-07,151286373.305,3118437.2945
2021-02-08,156454094.5048,3047633.4501
2021-02-09,159995680.0668,3075074.156
2021-02-10,165137967.8,3231232.9178
2021-02-11,159695681.4676,3158314.7233
2021-02-12,194229160.7015,3661744.4265
2021-02-13,188869855.6908,3688614.1674
2021-02-14,152630830.0527,3144165.4003
2021-02-15,151491581.2255,2868848.8048
2021-02-16,148315139.9594,2767934.9792
2021-02-17,149572643.0246,2924434.2935
2021-02-18,145107276.0251,2834825.9375
2021-02-19,179258946.6775,3418838.9441
2021-02-20,185182829.1089,3620221.851
2021-02-21,166968417.4203,3314778.9771
2021-02-22,159968508.6774,3116055.0142
2021-02-23,167440031.9103,3137819.6359
2021-02-24,166521501.2425,3254172.7837
2021-02-25,171981230.0435,3278086.2198
2021-02-26,199547219.4013,3723637.3722
2021-02-27,201570794.7078,3815591.2065
2021-02-28,191782447.29930001,3742793.9786
2021-03-01,215529292.3516,3586507.0025
2021-03-02,184549503.8494,3333835.4898
2021-03-03,183832785.0967,3333274.9064
2021-03-04,182034495.9473,3406732.8838
2021-03-05,206247855.0854,3750337.7262
2021-03-06,200786292.6917,3790392.4901
2021-03-07,173747538.2308,3468241.5313999997
2021-03-08,172951707.2427,3275829.9228
2021-03-09,173873609.5727,3216320.1975
2021-03-10,174295367.7515,3291844.6988
2021-03-11,176705466.0739,3347236.1754
2021-03-12,205947875.6592,3776908.9943
2021-03-13,202317448.3896,3880705.3762
2021-03-14,175836183.975,3313813.2079
2021-03-15,187591925.7944,3399647.4791
2021-03-16,180071545.0152,3368448.6205
2021-03-17,233644282.6727,3750349.9989
2021-03-18,205179394.006,3573135.1367
2021-03-19,227611704.8605,4038133.3035
2021-03-20,221815629.3395,4020287.6575
2021-03-21,196251074.6344,3635175.5335
2021-03-22,191846079.788,3482926.653
2021-03-23,191045894.1853,3449976.0546
2021-03-24,185159566.90039998,3463584.9774
2021-03-25,192443503.7387,3582697.5836
2021-03-26,215286506.0413,3929575.9899
2021-03-27,210472955.3614,4035300.4282
2021-03-28,190428613.2557,3673587.5141000003
2021-03-29,186548637.9545,3451485.7215
2021-03-30,187827189.9688,3428085.0686
2021-03-31,198853220.4949,3491968.5696
2021-04-01,230959845.3535,3934061.6739000003
2021-04-02,243502912.5827,4185876.0077
2021-04-03,226899134.02400002,4208651.1378999995
2021-04-04,140688717.5627,2886409.8622
2021-04-05,195576473.3588,3495142.1121
2021-04-06,193687626.0089,3515535.7596
2021-04-07,192870706.02199998,3523875.0611
2021-04-08,189886217.5886,3520508.4874
2021-04-09,211080209.7038,3885811.8998
2021-04-10,209115570.1904,4031562.1218999997
2021-04-11,189031266.666,3593614.331
2021-04-12,188437245.7855,3500517.3647
2021-04-13,187460970.5807,3506218.6557
2021-04-14,185078164.05650002,3448432.5017
2021-04-15,202377628.1005,3589383.6933
2021-04-16,223712348.2702,3964471.1555
2021-04-17,210968667.39180002,3988557.0266
2021-04-18,187702686.9716,3624301.6013
2021-04-19,189295951.9267,3529228.9841
2021-04-20,188038893.1978,3513670.7023
2021-04-21,184279184.0498,3404003.3381
2021-04-22,181968998.6389,3484679.4077999997
2021-04-23,212370813.3868,3853483.816
2021-04-24,205092705.0125,3882112.0986
2021-04-25,188437721.5388,3601389.7895
2021-04-26,190548265.705,3463234.8393
2021-04-27,185962583.6866,3472609.8777
2021-04-28,187545015.3061,3577000.8131999997
2021-04-29,189903390.4721,3531598.3345
2021-04-30,231750407.27449998,4039948.7287
2021-05-01,247560249.6276,4278202.2793000005
2021-05-02,206525442.1538,3736193.1716
2021-05-03,209335030.1661,3588176.7994
2021-05-04,206616826.7436,3639152.6987
2021-05-05,200508485.1562,3623253.2972
2021-05-06,198029771.8106,3686064.1211
2021-05-07,229298405.93490002,4097939.5259
2021-05-08,231556066.4188,4244114.8867
2021-05-09,190689334.3267,3688797.7272
2021-05-10,193678240.5361,3510110.2888
2021-05-11,193622074.8091,3552184.839
2021-05-12,193597381.449,3552786.2924
2021-05-13,196584878.0279,3539866.8534
2021-05-14,222289946.3604,4047393.6763
2021-05-15,216874009.684,3952869.109
2021-05-16,190984994.9142,3628916.3431
2021-05-17,200923012.8892,3569024.1137
2021-05-18,194389694.5301,3506230.4189
2021-05-19,196730138.4188,3583045.8219
2021-05-20,197259305.3961,3632753.8852
2021-05-21,218747937.6915,4020121.4743999997
2021-05-22,210430720.015,3958756.3588
2021-05-23,188700367.6628,3673537.1160999998
2021-05-24,192657036.3976,3565394.5857
2021-05-25,198201367.7102,3618027.5291
2021-05-26,197647898.8062,3635131.0841
2021-05-27,201248574.6435,3645809.5395
2021-05-28,236546104.3146,4141995.4085999997
2021-05-29,219756114.1997,3979057.8308
2021-05-30,187867648.8112,3506651.5734
2021-05-31,192499647.7637,3452220.2423
2021-06-01,236316642.8644,3851120.1726
2021-06-02,204448680.2855,3633211.8865
2021-06-03,211244431.9,3684361.052
2021-06-04,232731199.3198,4045409.7859
2021-06-05,214133318.2599,4012946.5116
2021-06-06,188166439.8578,3662601.2395
2021-06-07,196420981.4263,3567424.6482
2021-06-08,193057679.7743,3537538.3841
2021-06-09,197509414.9064,3650073.8329
2021-06-10,201660578.0474,3743375.7138
2021-06-11,223649902.2879,4015259.5187
2021-06-12,211719731.3586,3979120.6938
2021-06-13,190469951.4946,3654006.3162
2021-06-14,196288715.3863,3548048.3507
2021-06-15,208314725.405,3711728.3496
2021-06-16,202210366.7567,3664701.9429
2021-06-17,204998895.10209998,3765591.6927
2021-06-18,232946885.0908,4211782.4237
2021-06-19,217282101.384,4169013.5688
2021-06-20,187177017.3078,3653610.8374
2021-06-21,202077568.6649,3694933.8081
2021-06-22,202068625.6195,3672745.4124
2021-06-23,203379845.2201,3645427.1942
2021-06-24,198256752.0359,3717725.631
2021-06-25,228366602.6454,4063810.3830999997
2021-06-26,209657327.7492,4092892.3474
2021-06-27,186708469.0188,3700692.109
2021-06-28,198797158.522,3674117.9664
2021-06-29,194989134.6283,3521796.9278
2021-06-30,211532098.7847,3758553.1564
2021-07-01,244864213.0396,4109694.8218
2021-07-02,259848815.8851,4346020.3081
2021-07-03,227060978.5611,4139176.6854
2021-07-04,164178643.3404,3270808.5595
2021-07-05,193523971.4141,3550910.0794
2021-07-06,197882249.1407,3611920.7139
2021-07-07,195288124.87080002,3577884.0993
2021-07-08,194847769.81350002,3619314.7896
2021-07-09,222354492.7382,3930495.9480000003
2021-07-10,212157511.458,3935213.3423
2021-07-11,184052666.7624,3565187.6845
2021-07-12,191230241.2892,3546602.7092
2021-07-13,190503546.3605,3512428.5965
2021-07-14,191316771.073,3623847.7553
2021-07-15,213396212.1004,3795336.591
2021-07-16,224769546.5021,4099989.7265999997
2021-07-17,211889918.2224,4089896.7961
2021-07-18,188123428.3941,3702760.4117
2021-07-19,194541684.3561,3600669.9083000002
2021-07-20,195211076.5639,3553404.7368
2021-07-21,191630133.20949998,3669666.0893
2021-07-22,192858809.9533,3671484.4392
2021-07-23,226804087.2388,3986926.1459
2021-07-24,205834844.9181,3962789.5495
2021-07-25,188524920.0963,3704773.7834
2021-07-26,193184500.8406,3595415.4511
2021-07-27,187368518.7346,3559637.2241
2021-07-28,193764476.9195,3637243.1229
2021-07-29,188773725.2907,3559519.403
2021-07-30,226145406.1315,4034211.5364
2021-07-31,214398240.6014,3994166.1566
2021-08-01,218895217.6787,3922593.6612
2021-08-02,211167196.1259,3649511.266
2021-08-03,207136167.2503,3651256.9475000002
2021-08-04,198457732.4777,3661250.1201
2021-08-05,201059144.8543,3688343.5812
2021-08-06,224078295.5528,4025256.0745
2021-08-07,207417099.8115,4067768.0202
2021-08-08,189769577.8148,3676164.0026
2021-08-09,198213671.0588,3603378.6832
2021-08-10,192946939.8207,3623487.3023
2021-08-11,188685581.2591,3588904.2011
2021-08-12,188953738.1465,3625864.2417
2021-08-13,227904749.3223,4097477.5338999997
2021-08-14,213201410.2288,4064667.0186
2021-08-15,198008820.5488,3756806.7741
2021-08-16,193358046.8063,3608672.218
2021-08-17,187274882.6694,3603377.56
2021-08-18,189860322.3703,3598473.888
2021-08-19,188026379.84399998,3655551.0677
2021-08-20,218551838.7706,4043951.2866
2021-08-21,211634213.099,4115060.7435
2021-08-22,186899009.1928,3615053.3257
2021-08-23,190595611.2443,3493060.6676
2021-08-24,181640719.3726,3505206.2109
2021-08-25,187375164.569,3554194.8388
2021-08-26,187725036.433,3648002.5463
2021-08-27,212226100.4293,4015996.9984
2021-08-28,214147399.9767,4069029.1327
2021-08-29,186248813.8001,3642414.861
2021-08-30,186964032.1217,3434261.8207
2021-08-31,195472759.8818,3463176.1957
2021-09-01,226302550.4381,3730642.0439
2021-09-02,202851546.9966,3644936.5888
2021-09-03,241356666.7492,4273237.7658
2021-09-04,215835524.1658,4119399.2298
2021-09-05,190887736.2354,3771506.0167
2021-09-06,188465662.8511,3613671.6363999997
2021-09-07,195922941.9025,3531242.41
2021-09-08,184427196.08810002,3496545.7119
2021-09-09,189107417.0756,3536400.168
2021-09-10,214168510.2261,4009892.9786
2021-09-11,200669488.757,4060994.8977
2021-09-12,185466636.986,3735907.0383
2021-09-13,184225237.954,3533704.7129
2021-09-14,181068133.9949,3407510.5067
2021-09-15,198533254.104,3706640.1694
2021-09-16,194989594.1853,3649963.385
2021-09-17,222360725.039,4058148.1865
2021-09-18,211139039.5793,4182645.4727000003
2021-09-19,192523394.6081,3799605.6629
2021-09-20,194194946.5474,3557923.7481
2021-09-21,187008430.0409,3510354.7866
2021-09-22,183626908.7745,3588566.2059
2021-09-23,192285078.0206,3598919.764
2021-09-24,216827541.2072,4048725.6344
2021-09-25,215223403.2266,4106815.4645
2021-09-26,189669172.8106,3750626.8646
2021-09-27,188772282.9599,3485080.0808
2021-09-28,187515224.5869,3509439.396
2021-09-29,184291958.9798,3509089.5629000003
2021-09-30,205170708.5727,3717343.3622
2021-10-01,268635555.4261,4390657.3769
2021-10-02,230131597.5164,4226169.5348000005
2021-10-03,200586544.1848,3805647.8261
2021-10-04,204153822.6725,3610936.4578
2021-10-05,195759284.2169,3569767.8334
2021-10-06,184812073.4348,3528917.6412
2021-10-07,191841119.8361,3560412.5178
2021-10-08,224086872.0068,4089287.7359
2021-10-09,215772660.6815,4122341.0011
2021-10-10,191987203.7352,3733625.7551
2021-10-11,195489993.3046,3618014.1139
2021-10-12,190352431.3051,3449238.1302
2021-10-13,190175268.8802,3510148.5788000003
2021-10-14,190099387.0774,3666682.1544
2021-10-15,246387068.2378,4251962.0659
2021-10-16,218437115.8686,4213313.2747
2021-10-17,196307964.1753,3936272.7515000002
2021-10-18,198679884.0376,3639493.8071
2021-10-19,195252484.6299,3524940.5954
2021-10-20,195496732.0262,3614155.1043
2021-10-21,194967082.8289,3684382.3086
2021-10-22,227459260.581,4129452.1163999997
2021-10-23,224421787.1854,4157780.9649
2021-10-24,193439195.6525,3697497.634
2021-10-25,197908792.0291,3603349.1711
2021-10-26,199077653.1773,3606801.6861
2021-10-27,195890610.4711,3659927.6063
2021-10-28,199275257.5875,3781432.2025
2021-10-29,231085863.6785,4094496.5234
2021-10-30,228380838.7966,4188883.9314
2021-10-31,191099692.38729998,3698137.9985
2021-11-01,233458417.3049,3795891.6548
2021-11-02,208134934.795,3613412.709
2021-11-03,205371631.4828,3575622.7065
2021-11-04,205677935.0493,3692216.2643
2021-11-05,238738521.4116,4071321.8025
2021-11-06,227366587.0125,4177322.551
2021-11-07,207715585.8555,3851342.5047
2021-11-08,196490248.263,3516127.4889
2021-11-09,198675906.821,3462530.7094
2021-11-10,201074911.6855,3608955.891
2021-11-11,217728860.1401,3871617.1514
2021-11-12,225838713.9097,4149299.1459999997
2021-11-13,235872340.69730002,4257370.5567
2021-11-14,210324906.088,3830163.0746999998
2021-11-15,217430134.8573,3727845.0895000002
2021-11-16,204275610.92880002,3647721.6868
2021-11-17,204646912.121,3714290.2938
2021-11-18,207687145.2013,3755311.3252
2021-11-19,245160105.9237,4260065.9068
2021-11-20,237028968.9824,4298463.2602
2021-11-21,215952532.0789,3894778.4522
2021-11-22,226404090.326,3973351.9066
2021-11-23,238984996.449,4152036.5905999998
2021-11-24,250492500.6587,4526437.5405
2021-11-25,134033017.9903,2357940.6459
2021-11-26,296290685.5796,4413871.6789
2021-11-27,253279964.0665,4223910.1894000005
2021-11-28,227646229.8945,3977960.769
2021-11-29,263932251.1401,4119246.9655
2021-11-30,261343121.4987,4141964.4433
2021-12-01,267720726.12849998,4251693.6735000005
2021-12-02,236015060.3971,4019321.3904999997
2021-12-03,267151711.4016,4458949.1945
2021-12-04,256096947.564,4403828.8328
2021-12-05,226857612.0971,4038706.407
2021-12-06,221433370.8808,3835640.1196
2021-12-07,210954738.7603,3771919.4388
2021-12-08,222370149.5167,3912760.5851000003
2021-12-09,227790423.60029998,3991145.6576
2021-12-10,264737764.4294,4498082.5682
2021-12-11,257317756.4928,4523124.3132
2021-12-12,225671228.0102,4055077.8897
2021-12-13,225074772.5085,3904290.4113
2021-12-14,225422660.3771,3976585.2611
2021-12-15,250561493.5817,4246503.7024
2021-12-16,238871569.6882,4290671.2852
2021-12-17,274158130.874,4677239.0382
2021-12-18,270455136.5245,4634569.7139
2021-12-19,240001202.1191,4259379.345
2021-12-20,255403001.8379,4254180.0361
2021-12-21,258997742.0025,4323434.5624
2021-12-22,256970912.7385,4418059.2967
2021-12-23,291554227.0751,4744320.2454
2021-12-24,239550801.4172,4124944.4082
2021-12-25,81125149.5656,1581985.3309
2021-12-26,162369444.8928,3151588.4299
2021-12-27,195945567.7434,3579476.8363
2021-12-28,198493269.7737,3672514.9847
2021-12-29,196690920.65919998,3508580.7929000002
2021-12-30,217612292.1509,3686158.8159
2021-12-31,221524420.1404,3790218.5921
2022-01-01,175245748.2513,2992408.7712
2022-01-02,181729821.5176,3283293.5561
2022-01-03,206407046.5831,3462612.7101
2022-01-04,195595323.0197,3421607.7771
2022-01-05,187590216.3897,3389023.0099
2022-01-06,184062024.7865,3316813.4006
2022-01-07,204862046.505,3568040.6205
2022-01-08,199662262.4079,3733563.5365999998
2022-01-09,177505126.7837,3423685.7272
2022-01-10,183956133.9524,3349875.0279
2022-01-11,174613841.2019,3286621.0553
2022-01-12,177246072.7309,3365021.752
2022-01-13,184130897.1836,3452593.8259
2022-01-14,212692018.3791,3858103.878
2022-01-15,209860162.3733,3816358.8584000003
2022-01-16,173373312.1593,3324884.243
2022-01-17,185680682.7669,3390585.4471
2022-01-18,176691419.776,3317979.5805
2022-01-19,180662124.9664,3354860.5645
2022-01-20,180758527.1195,3329285.9258
2022-01-21,211670443.7952,3806160.3683
2022-01-22,205189555.2227,3807230.7846
2022-01-23,179709396.0311,3518262.9507
2022-01-24,177766686.7182,3300162.6621
2022-01-25,178132422.9502,3388086.2198
2022-01-26,182127197.1281,3401225.0487
2022-01-27,187581166.3854,3438691.8899
2022-01-28,215377589.6413,3954860.8333
2022-01-29,193806274.512,3579638.5286
2022-01-30,183164609.93289998,3389017.8066
2022-01-31,187607201.3118,3296816.3574
2022-02-01,224872169.3326,3677878.6124
2022-02-02,196997211.4544,3388995.2862
2022-02-03,191330184.8853,3299531.0708
2022-02-04,207415463.2838,3621018.0691
2022-02-05,218430732.624,3908343.3148
2022-02-06,188541447.8043,3598013.9805
2022-02-07,190182783.6438,3428558.8881
2022-02-08,184318548.9237,3355133.5529
2022-02-09,189381384.8882,3437714.8352
2022-02-10,191284022.443,3618668.5555
2022-02-11,223528233.4596,4022757.1662
2022-02-12,222844801.24109998,4150741.7766
2022-02-13,195240537.2348,3761001.5463
2022-02-14,195883568.881,3660071.37
2022-02-15,194065313.3204,3423493.299
2022-02-16,189508239.9879,3380681.5585
2022-02-17,190138243.5965,3465455.0004
2022-02-18,223583974.78939998,3936169.3084
2022-02-19,220608275.5917,4023890.5657
2022-02-20,200898621.9051,3735550.8098999998
2022-02-21,206412525.5525,3696260.7053
2022-02-22,195726355.8237,3412185.1141
2022-02-23,189251082.0054,3452922.3668
2022-02-24,203243498.0237,3497299.743
2022-02-25,227522926.5141,3933879.3743
2022-02-26,230011315.9231,4062099.0241
2022-02-27,206775690.28059998,3750622.0361
2022-02-28,227020787.86720002,3913520.5072
2022-03-01,250180585.2783,3944190.0459
2022-03-02,213928621.7392,3645322.321
2022-03-03,213715955.8856,3748640.6755999997
2022-03-04,244059662.3256,4133912.8597
2022-03-05,233557716.8737,4232564.499
2022-03-06,205115221.84739998,3816686.0942
2022-03-07,204924813.2536,3537884.9954
2022-03-08,199437504.6817,3501987.2462
2022-03-09,205184735.96130002,3485315.0896
2022-03-10,205975739.2703,3608550.3211
2022-03-11,235130886.641,3989018.6311
2022-03-12,217493216.68310001,3946784.8665
2022-03-13,204703273.549,3670886.7419
2022-03-14,206471536.4239,3589503.4927
2022-03-15,213560415.7033,3633509.3603
2022-03-16,205151584.7614,3679861.8778
2022-03-17,205172943.901,3713987.9506
2022-03-18,238812619.7753,4172272.5072
2022-03-19,234370189.30380002,4176225.3667
2022-03-20,207873836.0295,3825725.7747
2022-03-21,201230789.05020002,3601773.8872
2022-03-22,200597665.7752,3597335.0241
2022-03-23,203212785.1642,3635416.1085
2022-03-24,201065373.0827,3605855.5407
2022-03-25,237842996.38910002,4158851.5522
2022-03-26,232103656.58089998,4256654.5063
2022-03-27,207941017.5962,3875582.3751
2022-03-28,199587664.2508,3525655.8871
2022-03-29,195499107.319,3440387.0343
2022-03-30,203079418.99040002,3497349.3316
2022-03-31,218019103.6666,3656218.9962
2022-04-01,295586148.1604,4592707.762
2022-04-02,247842019.1716,4355486.4442
2022-04-03,224303247.478,3879447.0915
2022-04-04,217830414.7403,3687612.0294
2022-04-05,216299564.076,3705062.6536
2022-04-06,207192277.5992,3688173.1148
2022-04-07,208702931.2633,3830548.6506
2022-04-08,241025597.1306,4261009.8391
2022-04-09,242022721.899,4335035.9854
2022-04-10,213687430.0425,3879317.2434
2022-04-11,212832846.2416,3666414.6811
2022-04-12,206900496.3007,3655892.3241
2022-04-13,213773859.3571,3845412.3077000002
2022-04-14,215404146.8541,3869693.7566
2022-04-15,272102276.9555,4697352.8961
2022-04-16,250481508.27179998,4531656.879
2022-04-17,159542134.5311,3135115.9549
2022-04-18,210095882.72640002,3688400.199
2022-04-19,215101445.2357,3736745.7005
2022-04-20,210737316.2461,3737251.8652
2022-04-21,207834218.3371,3729080.6994
2022-04-22,235780228.7325,4276649.8113
2022-04-23,236395501.6895,4345461.9227
2022-04-24,211785742.7627,3954585.9983
2022-04-25,205799652.8475,3735421.8938
2022-04-26,207558436.6897,3672887.1431
2022-04-27,204997166.7606,3701834.8024
2022-04-28,209772373.77470002,3837462.1526
2022-04-29,253146405.1584,4308781.6395
2022-04-30,256511045.0368,4467977.1707
2022-05-01,254269285.3676,4284021.1456
2022-05-02,230030388.7559,3788721.7
2022-05-03,229999756.6714,3864327.4086
2022-05-04,217356413.1687,3833024.1393
2022-05-05,224832484.3755,3941545.354
2022-05-06,251248862.5146,4442488.1895
2022-05-07,255542772.1627,4520990.7647
2022-05-08,215007849.3299,4014299.2771
2022-05-09,209617635.4843,3772346.3473
2022-05-10,210820764.5346,3759936.5787
2022-05-11,206467930.4227,3754476.8797
2022-05-12,207276922.0064,3756472.4846
2022-05-13,249165539.2321,4366566.8299
2022-05-14,236858884.7757,4366857.6313000005
2022-05-15,223109080.4712,3967158.0197
2022-05-16,215448580.9365,3755703.5757
2022-05-17,212362833.5882,3770812.8676
2022-05-18,211520846.4941,3763177.9776
2022-05-19,211180651.3689,3932046.3257999998
2022-05-20,249575794.2357,4401526.6577
2022-05-21,241097860.7764,4283512.1366
2022-05-22,217335788.295,3968324.6977
2022-05-23,213993813.1597,3834425.9715
2022-05-24,208257372.5569,3659401.1023
2022-05-25,214302353.754,3790960.6711
2022-05-26,219573392.3503,3902743.5321
2022-05-27,254546378.504,4370486.0073
2022-05-28,247760689.88,4370200.3249
2022-05-29,205114696.6668,3870176.9262
2022-05-30,210528720.828,3709113.0270000002
2022-05-31,226355580.5988,3648799.7895
2022-06-01,260062793.14540002,4019134.0924
2022-06-02,228358587.2897,3872367.4429
2022-06-03,259889285.9228,4346701.7832
2022-06-04,238361205.4954,4262071.4801
2022-06-05,216622814.56080002,3871079.2403
2022-06-06,211935595.6131,3758890.6117
2022-06-07,213793961.1334,3801296.151
2022-06-08,213021389.3159,3755978.9655999998
2022-06-09,216097045.7548,3856958.2672
2022-06-10,249600373.5955,4266081.780499999
2022-06-11,235100389.2625,4342645.7337
2022-06-12,209961961.68400002,3955172.6081
2022-06-13,217566967.1255,3731688.9261000003
2022-06-14,209084858.82189998,3734103.4563
2022-06-15,222370556.09309998,3853207.1175
2022-06-16,222194505.1942,3884273.344
2022-06-17,252182940.6453,4455413.824
2022-06-18,240402830.4197,4422488.087
2022-06-19,210616898.12309998,3822776.2036
2022-06-20,219288095.36429998,3818984.4333
2022-06-21,209432331.2278,3728046.851
2022-06-22,212280695.745,3791126.5568
2022-06-23,215170079.0979,3755378.3368
2022-06-24,245715438.0967,4303714.8946
2022-06-25,236562791.5013,4329821.7355
2022-06-26,213101054.233,3974417.2386
2022-06-27,211611957.3003,3747597.5622
2022-06-28,213324236.70180002,3823197.2309
2022-06-29,214477202.2383,3764078.9501
2022-06-30,238526225.8426,4030610.4569
2022-07-01,313470395.0637,4787097.7863
2022-07-02,261248774.525,4355032.0879999995
2022-07-03,217927837.4932,3924096.6833
2022-07-04,180654455.6922,3401366.2384
2022-07-05,217189621.1711,3705314.163
2022-07-06,215321975.0841,3815013.8237
2022-07-07,215896149.82340002,3843209.7992
2022-07-08,247542929.1932,4350205.5413999995
2022-07-09,232381797.5568,4210345.1327
2022-07-10,205463229.9593,3919914.4047
2022-07-11,209709462.7214,3743604.0209
2022-07-12,211517455.2503,3775039.2759000002
2022-07-13,215061923.2141,3800194.4933
2022-07-14,216298387.3355,3945737.702
2022-07-15,260087555.9785,4466106.89
2022-07-16,232280264.6264,4202911.3262
2022-07-17,209320177.5316,3882394.4753
2022-07-18,210596979.4917,3733148.6378
2022-07-19,205780798.5405,3723747.8937
2022-07-20,215682595.627,3846495.3149
2022-07-21,216622340.0028,3882235.5585
2022-07-22,246645449.8043,4336310.7891
2022-07-23,230798050.4341,4234395.0993
2022-07-24,207514266.848,3964193.2165
2022-07-25,216303710.13099998,3761662.2109000003
2022-07-26,208456998.9418,3732183.2931
2022-07-27,206138833.1638,3730034.6921
2022-07-28,213787141.9101,3937441.1724
2022-07-29,250833820.6854,4307106.8332
2022-07-30,238971720.103,4206629.5281
2022-07-31,219202868.28170002,3773305.8955
2022-08-01,255802265.9478,3995925.2003
2022-08-02,223412879.4381,3801538.2392
2022-08-03,222013520.7713,3880021.2901
2022-08-04,220568806.4489,3861187.8367
2022-08-05,259977712.4138,4435178.0729
2022-08-06,235819107.2305,4373314.8863
2022-08-07,210643034.351,3968673.522
2022-08-08,205725288.2437,3718599.3931
2022-08-09,209892636.8368,3773486.0252
2022-08-10,208218864.0899,3799500.9517
2022-08-11,206805879.5002,3809216.2465999997
2022-08-12,244518906.9598,4303279.6544
2022-08-13,233545284.9891,4330678.992
2022-08-14,212354471.7631,3978089.2802999998
2022-08-15,219654208.0186,3802945.2712
2022-08-16,205745301.18699998,3798756.5733
2022-08-17,205698113.6061,3803555.9288
2022-08-18,206583659.49040002,3804702.2057
2022-08-19,249010482.2902,4327810.1702
2022-08-20,238572159.7509,4321973.9742
2022-08-21,210824204.8101,4010963.013
2022-08-22,203080820.291,3691476.6016
2022-08-23,202061037.6997,3726910.0674
2022-08-24,195729471.6396,3673664.7044
2022-08-25,205012587.9237,3791944.3085000003
2022-08-26,235919084.7927,4286289.8437
2022-08-27,226079872.8409,4344376.3449
2022-08-28,206479365.0277,3895034.1648
2022-08-29,198839277.7614,3557459.256
2022-08-30,199754595.692,3590653.8533
2022-08-31,210490393.8745,3689219.7013
2022-09-01,260479732.5804,4218710.0695
2022-09-02,270859794.2983,4515852.4761
2022-09-03,251551165.758,4399335.1809
2022-09-04,213141684.6915,3924410.9745
2022-09-05,213145642.6324,3754903.0949
2022-09-06,208751159.347,3714220.7545000003
2022-09-07,205118969.6104,3717615.4475
2022-09-08,202158048.9489,3764012.0834
2022-09-09,237710048.8381,4204252.3764
2022-09-10,234491361.04140002,4341259.1286
2022-09-11,205866810.60029998,3881421.8131
2022-09-12,197279211.9728,3680860.8864
2022-09-13,205062885.99650002,3664562.5775
2022-09-14,194515425.8921,3635585.441
2022-09-15,215089540.83540002,3861957.0698
2022-09-16,248806790.99080002,4416969.9116
2022-09-17,239275856.9682,4346726.0429
2022-09-18,208544650.7743,3988783.8173
2022-09-19,201989839.6769,3706492.3807
2022-09-20,202813854.1524,3690787.7069
2022-09-21,204395361.7339,3730783.1206
2022-09-22,201602755.7964,3837095.1989
2022-09-23,249913906.22460002,4438184.2378
2022-09-24,242127087.9427,4413126.2678
2022-09-25,213863235.3028,4003149.9577
2022-09-26,211365226.6231,3878447.7965
2022-09-27,198353355.1754,3791095.9977
2022-09-28,191120393.6379,3464099.6229
2022-09-29,194545048.4026,3439211.1628
2022-09-30,259299112.6472,4294950.1009
2022-10-01,282547972.94269997,4648688.1293
2022-10-02,219389106.1712,3971574.1955
2022-10-03,223625672.1732,3752259.0626
2022-10-04,210613641.1705,3729764.3219
2022-10-05,212097576.4772,3740246.4734
2022-10-06,206676304.2501,3836382.2747
2022-10-07,247216992.00010002,4441246.9517
2022-10-08,231986040.4958,4384934.4754
2022-10-09,208809673.6341,3956465.3398
2022-10-10,210122473.1389,3787103.5405
2022-10-11,206173681.5203,3688276.743
2022-10-12,208788272.3161,3790321.3797
2022-10-13,207632434.0692,3770521.2976
2022-10-14,251631019.7017,4457590.7001
2022-10-15,243838426.9134,4381074.1631
2022-10-16,212571960.2868,3930353.5935
2022-10-17,205736917.9616,3779966.9096
2022-10-18,203889446.2516,3739624.3768
2022-10-19,203164711.1518,3765896.8198
2022-10-20,211216654.5143,3930655.2765
2022-10-21,245236028.79729998,4403973.9818
2022-10-22,231620654.4444,4392054.4645
2022-10-23,211414849.9002,4011824.1644
2022-10-24,199883028.5555,3678428.5986
2022-10-25,204587087.9528,3721840.038
2022-10-26,205599870.3816,3836573.6535
2022-10-27,206629114.7455,3881292.398
2022-10-28,243898817.0902,4383067.6745
2022-10-29,231745033.2094,4314259.4128
2022-10-30,212122956.5287,3978793.698
2022-10-31,206477666.3394,3723598.6335
2022-11-01,247763378.9394,3862139.5805
2022-11-02,215892123.0542,3749039.3204
2022-11-03,223154983.0997,3871230.8693
2022-11-04,243095932.9742,4243340.0684
2022-11-05,240408745.182,4436243.7887
2022-11-06,215573899.3203,3998091.9708
2022-11-07,208188230.1918,3734768.1001
2022-11-08,200841490.3152,3652388.3936
2022-11-09,206279216.3848,3752261.9576
2022-11-10,218657351.6933,3804382.2823
2022-11-11,241213759.8322,4266009.3041
2022-11-12,237974232.1823,4328536.6997
2022-11-13,214496380.2053,3994942.7906
2022-11-14,206019486.4086,3690447.5718
2022-11-15,227621950.7446,3896779.4765
2022-11-16,229293412.6863,3884482.8802
2022-11-17,225723779.0851,4018485.7349
2022-11-18,248249768.1647,4417202.5168
2022-11-19,257978301.984,4478662.454
2022-11-20,227290769.8157,4040955.6348
2022-11-21,235386798.1099,4109476.964
2022-11-22,248453279.7535,4257495.3012
2022-11-23,271744964.4488,4747327.9706
2022-11-24,132346087.7774,2374824.9363
2022-11-25,308394274.55660003,4541127.526
2022-11-26,266771967.6008,4454376.4784
2022-11-27,233190815.0501,4062434.3619
2022-11-28,269127011.6091,4243559.9973
2022-11-29,251419795.8633,3992762.9686
2022-11-30,246637462.3293,4097487.6149
2022-12-01,282816778.5635,4373882.6459
2022-12-02,278087236.6974,4533585.9064
2022-12-03,265653010.9562,4542089.9735
2022-12-04,236376922.5908,4178328.6519
2022-12-05,236827027.1194,4070762.3552
2022-12-06,224881094.5018,3925440.1995
2022-12-07,222271927.9723,4052514.809
2022-12-08,233180601.6015,4208405.9334
2022-12-09,264867752.577,4489595.4298
2022-12-10,264086694.5137,4536966.1959
2022-12-11,231430477.9038,4144993.7492
2022-12-12,232354431.0153,4080592.4455
2022-12-13,240392984.5076,4153649.0296
2022-12-14,240188038.8599,4268028.4549
2022-12-15,262453467.6043,4438369.0159
2022-12-16,276504409.2118,4638027.1962
2022-12-17,282843399.9487,4841111.8906
2022-12-18,243620694.3253,4259892.1776
2022-12-19,259449020.38,4363391.2375
2022-12-20,270475972.0493,4484080.4083
2022-12-21,274764427.0136,4672671.3859
2022-12-22,284991829.1607,4639980.936
2022-12-23,301879434.846,4760619.23
2022-12-24,218660528.4404,3807948.6735
2022-12-25,83435614.3921,1547870.1262
2022-12-26,204251659.7453,3594237.2134000002
2022-12-27,215622222.5788,3930850.6412
2022-12-28,226667574.9223,3987776.6614
2022-12-29,231723577.1796,3991632.2676
2022-12-30,259776726.0402,4267753.8292
2022-12-31,220716153.877,3822170.3719
2023-01-01,182418523.079,3094515.571
2023-01-02,221590072.6585,3764744.4847
2023-01-03,222726472.6617,3627999.7662
2023-01-04,208846119.8989,3624572.0584
2023-01-05,213003672.1701,3635701.7875
2023-01-06,229248023.1746,4035971.0236
2023-01-07,220228967.2032,4127297.0316
2023-01-08,194205559.6738,3588750.6085
2023-01-09,196249714.271,3532530.5697999997
2023-01-10,197770059.6792,3552575.7451
2023-01-11,192253651.8197,3497128.5127000003
2023-01-12,203568890.4149,3750740.594
2023-01-13,231810961.17790002,4128500.5811
2023-01-14,219458946.7777,4028633.2279
2023-01-15,202052206.686,3764123.1381
2023-01-16,204763119.8474,3769454.5233
2023-01-17,198733192.2518,3518514.2402
2023-01-18,190234509.3707,3521422.4129
2023-01-19,202193669.65960002,3652808.8888
2023-01-20,224455704.5965,4059952.4535
2023-01-21,223829205.4887,4172444.1519
2023-01-22,196373190.9474,3741692.1848
2023-01-23,193126056.2532,3520421.668
2023-01-24,191506196.7543,3493883.9595
2023-01-25,195426456.8147,3540844.447
2023-01-26,209356968.9273,3799105.7752
2023-01-27,228309544.2938,4094754.5541
2023-01-28,233388997.2268,4285648.3484
2023-01-29,199114243.9437,3651427.6935
2023-01-30,196760721.8481,3455956.9475000002
2023-01-31,199571610.2421,3396021.0419
2023-02-01,241458175.8036,3799249.8453
2023-02-02,223401022.5772,3741748.2673
2023-02-03,244141688.4265,4096722.7733
2023-02-04,237640727.555,4235299.6864
2023-02-05,215605784.55269998,3879581.1881
2023-02-06,201247134.3374,3546396.7353
2023-02-07,199738421.216,3581147.5466
2023-02-08,198149687.1803,3687317.3712
2023-02-09,214219329.91640002,3870687.0631
2023-02-10,237154554.748,4109533.4849
2023-02-11,241162792.75059998,4399510.6891
2023-02-12,204163608.5275,3831326.503
2023-02-13,211555504.8654,3866823.7883
2023-02-14,223138864.9765,3992266.4801
2023-02-15,207089331.7872,3709414.7604
2023-02-16,210317223.648,3809856.0491
2023-02-17,237180951.0933,4178269.4305
2023-02-18,237942284.4747,4286029.2689000005
2023-02-19,217519239.4598,3960446.1011
2023-02-20,217498055.4455,3853458.1877
2023-02-21,211082748.611,3696060.9991
2023-02-22,207085784.6828,3617689.1658
2023-02-23,220055801.796,3789600.2753
2023-02-24,233982974.8021,4051756.7308
2023-02-25,240755343.8028,4287049.5857
2023-02-26,220379813.88639998,3969217.1358000003
2023-02-27,215303187.45340002,3713906.747
2023-02-28,241023659.24560001,4071415.1203
2023-03-01,273181896.6731,4201155.0934
2023-03-02,239095089.7572,3961825.6543
2023-03-03,255327579.6765,4308658.1271
2023-03-04,246224029.5009,4396818.1398
2023-03-05,224999043.3572,4006070.3268
2023-03-06,209615507.9158,3736814.674
2023-03-07,206126705.9468,3672585.1437
2023-03-08,212529649.3995,3780547.3355
2023-03-09,221483827.8716,3955891.5642
2023-03-10,234039149.6229,4160897.0546999997
2023-03-11,245200348.5775,4333526.6902
2023-03-12,212417584.6854,3884521.8157
2023-03-13,217265625.3823,3779135.1776
2023-03-14,202295562.6209,3619025.209
2023-03-15,231119877.8226,3982303.7986
2023-03-16,225993079.3502,3980128.0698
2023-03-17,245323032.3541,4330011.2345
2023-03-18,244116475.4927,4386771.7146
2023-03-19,219530296.7945,3940985.3197
2023-03-20,214762178.1316,3798400.2739
2023-03-21,210848295.9469,3667811.5032
2023-03-22,205028698.8053,3792894.8897
2023-03-23,218843844.3861,3943077.6909
2023-03-24,234359755.8233,4283010.4185
2023-03-25,242137455.2691,4432894.0712
2023-03-26,223806549.749,4112183.5513999998
2023-03-27,204662164.9175,3805430.1525
2023-03-28,209149879.199,3820027.1278
2023-03-29,208471522.2108,3719328.9862
2023-03-30,230226539.0204,3860569.3895
2023-03-31,258649072.83359998,4310910.1197
2023-04-01,290867741.08529997,4722230.5065
2023-04-02,235528807.4154,4105156.8971
2023-04-03,237886800.4061,3905738.6709000003
2023-04-04,228637734.7733,3866587.1213
2023-04-05,228521364.2045,3985281.8777
2023-04-06,229765419.59239998,4123467.894
2023-04-07,255135824.2568,4459931.4169
2023-04-08,253049462.9968,4598533.2999
2023-04-09,164736107.829,3187383.8082
2023-04-10,219720650.7983,3799237.3381000003
2023-04-11,214948376.55719998,3726337.5457
2023-04-12,215074706.4882,3886213.6693
2023-04-13,230454774.2143,4136384.6391
2023-04-14,250374149.33900002,4426485.9931
2023-04-15,256332886.2291,4614770.516
2023-04-16,225278759.9911,4094434.6151
2023-04-17,222139496.2394,3876720.8785
2023-04-18,219242084.6237,3852006.237
2023-04-19,219217964.4715,3928389.8299
2023-04-20,227832650.9781,4046753.149
2023-04-21,245524136.3486,4398901.8314
2023-04-22,241302005.0224,4452859.7826000005
2023-04-23,221263454.8608,4137532.5624
2023-04-24,209934562.027,3781825.8226
2023-04-25,215271212.247,3819525.3568
2023-04-26,213950228.6595,3819773.384
2023-04-27,229580441.917,4060297.2142
2023-04-28,255171253.0066,4451983.8754
2023-04-29,260054823.7073,4503939.4682
2023-04-30,238797310.5986,4084762.5645
2023-05-01,274252115.3926,4151461.7124
2023-05-02,231530036.07140002,3845488.2977
2023-05-03,233343104.67520002,4000904.1781
2023-05-04,238113766.45069999,4123686.8808
2023-05-05,254588588.4737,4404100.3899
2023-05-06,245100671.7071,4477544.3627
2023-05-07,220493606.9884,4104765.7135
2023-05-08,213530395.652,3842942.225
2023-05-09,217693081.6457,3895362.0997
2023-05-10,227344695.5075,3983713.1789
2023-05-11,234898786.9849,4192111.8934
2023-05-12,260235215.8551,4531094.7823
2023-05-13,266266308.9708,4845313.3919
2023-05-14,225907126.2913,4084283.3493
2023-05-15,225065707.2283,3938031.6105
2023-05-16,219546553.424,3891855.765
2023-05-17,220561857.0147,3955365.0884
2023-05-18,231483943.9579,4111600.3414000003
2023-05-19,247075862.1638,4409900.5406
2023-05-20,243760843.67499998,4496609.9211
2023-05-21,222143627.4321,4205842.2566
2023-05-22,222981759.3073,3887255.703
2023-05-23,222282230.2963,3917951.9295
2023-05-24,221153362.1034,3956980.7476
2023-05-25,244519998.6203,4246913.3097
2023-05-26,267551001.2446,4563338.2382000005
2023-05-27,254260063.7419,4624624.2001
2023-05-28,224607525.5542,4231643.8516
2023-05-29,215762356.1976,3780438.5151
2023-05-30,233387908.5853,3877385.4787
2023-05-31,241305798.7119,3921668.0854
2023-06-01,286370992.66,4517591.0101
2023-06-02,260139711.414,4501293.2463
2023-06-03,251851580.6681,4566962.7073
2023-06-04,225434168.6301,4151331.2706
2023-06-05,228916331.4729,3881712.0097
2023-06-06,216357972.03030002,3898749.848
2023-06-07,220077009.7504,3985843.6812
2023-06-08,226770070.2368,4055191.1332
2023-06-09,249474613.3845,4301670.3171
2023-06-10,238397947.6627,4457347.5746
2023-06-11,215171395.5211,4052101.5644
2023-06-12,211036590.716,3862155.6541
2023-06-13,212212465.81329998,3787304.4655
2023-06-14,217345014.4836,3945367.2724
2023-06-15,239299218.7282,4137006.6655
2023-06-16,251428137.1889,4434125.5401
2023-06-17,250816990.5483,4553080.8973
2023-06-18,213668008.5323,3991799.2818
2023-06-19,218810368.1509,3953438.1506
2023-06-20,213737716.9937,3829221.6476
2023-06-21,214384549.453,3927125.4342
2023-06-22,225984641.1995,3968691.8976000003
2023-06-23,241060817.8369,4299242.461
2023-06-24,237131430.2123,4424027.1329
2023-06-25,215596704.65940002,4009583.6156
2023-06-26,215063843.2262,3821322.4576
2023-06-27,210452306.0112,3862369.4143
2023-06-28,222753388.7468,4022984.2231
2023-06-29,237588801.7739,4104660.1722
2023-06-30,269219009.0429,4538923.2855
2023-07-01,289512101.1089,4775240.6197
2023-07-02,226873684.31489998,4069344.1455
2023-07-03,253578914.1166,4287722.032
2023-07-04,189539185.5721,3531603.8154
2023-07-05,217936206.2148,3909847.9764
2023-07-06,230830869.9357,4056765.0529
2023-07-07,242644265.5943,4299437.3866
2023-07-08,226968085.6268,4351053.138
2023-07-09,212317541.4447,3934938.177
2023-07-10,216422975.5075,3887034.1163
2023-07-11,218519095.069,3932687.0952
2023-07-12,223637891.8498,4075879.5951
2023-07-13,229105494.96920002,4235027.9625
2023-07-14,246525854.8799,4400667.3011
2023-07-15,248891933.7957,4530935.39
2023-07-16,213647624.9518,4032142.4222
2023-07-17,219862809.7295,3887228.883
2023-07-18,212354018.5532,3873869.6034
2023-07-19,217542296.7531,3947656.6832
2023-07-20,229864930.9127,4139256.1176
2023-07-21,242200449.4554,4433424.7424
2023-07-22,237758679.0783,4398810.3351
2023-07-23,209565881.11519998,4060979.9062
2023-07-24,210436278.3368,3829920.4963
2023-07-25,217372922.5285,3999483.8916
2023-07-26,211622065.8669,3998545.5251
2023-07-27,223142731.2139,4131357.7169
2023-07-28,247402662.3841,4507105.1791
2023-07-29,235917938.4307,4346936.9013
2023-07-30,216494140.6066,4017662.2583
2023-07-31,223769707.8304,3828578.9949
2023-08-01,259376188.502,4169292.9084
2023-08-02,229401006.1096,4066876.1141
2023-08-03,235108359.9017,4098739.4773
2023-08-04,246691944.0165,4440144.5201
2023-08-05,243464149.2364,4544160.505
2023-08-06,209078792.5962,3978938.3393
2023-08-07,214478733.0694,3804746.1651999997
2023-08-08,210980869.6958,3818916.4678
2023-08-09,212400615.1669,3894554.0184
2023-08-10,225835197.26,4024130.8895
2023-08-11,239312989.4675,4312451.8648
2023-08-12,240237746.3186,4504408.8531
2023-08-13,215823656.30200002,4123869.3612
2023-08-14,210611145.7831,3815168.8581
2023-08-15,218368370.7479,3863941.1157
2023-08-16,213119893.0539,3940338.3615
2023-08-17,221442037.9541,4061439.3108
2023-08-18,238061168.2041,4366783.5541
2023-08-19,239909283.4337,4454379.1274
2023-08-20,206690542.74740002,3884011.5898
2023-08-21,209292045.6334,3755371.8112
2023-08-22,209594466.0314,3872685.0703
2023-08-23,207692703.7069,3840912.9132
2023-08-24,212933807.1533,4048847.2501
2023-08-25,239235930.5153,4388782.9788
2023-08-26,242663080.6702,4566233.123
2023-08-27,214068869.8095,4159451.1192
2023-08-28,218172411.4935,3972996.3147
2023-08-29,203336307.98250002,3714534.7662
2023-08-30,208932300.4425,3697696.7425
2023-08-31,233803986.3543,3993491.6708
2023-09-01,295958618.0298,4777443.3745
2023-09-02,258798180.7956,4552547.3516
2023-09-03,219711720.8041,4106471.5421
2023-09-04,218677039.5033,3891868.7552
2023-09-05,225210247.9921,3823854.5258
2023-09-06,212884086.6755,3825338.2842
2023-09-07,214758484.2717,3853059.2029
2023-09-08,225523251.7169,4274070.5497
2023-09-09,231732309.2999,4395472.1906
2023-09-10,213427723.694,3933752.6806
2023-09-11,196359653.3652,3619408.8546
2023-09-12,198048760.7573,3713028.0105
2023-09-13,205723248.3931,3788976.6743
2023-09-14,216694280.7019,4066702.0423
2023-09-15,247088976.5144,4447977.675
2023-09-16,236433742.9635,4507188.4268
2023-09-17,219092963.343,4165932.4882
2023-09-18,203804210.73029998,3759402.5058
2023-09-19,203241793.0936,3743299.3679
2023-09-20,208130495.0024,3937516.484
2023-09-21,213048304.7989,3979352.3708
2023-09-22,239879547.3891,4434816.1731
2023-09-23,239539847.4939,4421875.258
2023-09-24,212911539.359,3996463.765
2023-09-25,209115629.8612,3819418.6994000003
2023-09-26,204413195.88120002,3702948.0862
2023-09-27,206386125.5598,3870494.4331
2023-09-28,222767567.6633,4181945.9156
2023-09-29,248500923.007,4362135.8405
2023-09-30,251776712.189,4722879.2005
2023-10-01,259061108.9247,4432075.364
2023-10-02,225943364.2121,3846005.2084
2023-10-03,222707697.3651,3823744.5187
2023-10-04,214575545.9382,3880028.6642
2023-10-05,229719346.0462,3948641.4126
2023-10-06,238942014.9815,4372441.3948
2023-10-07,233130822.9174,4555227.8881
2023-10-08,213485358.1789,4005277.9397
2023-10-09,208868352.9006,3927546.6442
2023-10-10,211000471.4109,3758116.6434
2023-10-11,212230277.5221,3820930.3223
2023-10-12,222499641.34600002,4011259.0076
2023-10-13,242076893.5926,4400284.7879
2023-10-14,236466343.9087,4475653.3739
2023-10-15,226450974.5375,4058980.2882
2023-10-16,207077462.1973,3815996.2759
2023-10-17,200868949.2321,3701641.6301
2023-10-18,200777119.9114,3799153.9222
2023-10-19,213002076.3296,4012702.6157
2023-10-20,233925436.297,4333974.7073
2023-10-21,229255399.05429998,4428788.9409
2023-10-22,212287905.5855,3990682.2196
2023-10-23,205023331.2,3770688.605
2023-10-24,197492998.3515,3790706.1429
2023-10-25,210367211.74,3912750.891
2023-10-26,222320861.83969998,3992448.292
2023-10-27,234874311.4422,4387184.4044
2023-10-28,240509574.8182,4497069.0592
2023-10-29,206784145.0819,4020796.724
2023-10-30,210098970.1903,3762994.1635000003
2023-10-31,202000985.752,3721476.5387
2023-11-01,255236850.9657,4007849.1568
2023-11-02,232875391.9,3944746.8083
2023-11-03,243367227.2884,4338932.4342
2023-11-04,246381902.7284,4499278.3637999995
2023-11-05,223204561.95700002,4121637.9244999997
2023-11-06,203773962.0921,3698478.2936
2023-11-07,204538816.1714,3778084.3132
2023-11-08,207107779.1485,3820837.1954
2023-11-09,215646559.8741,3925900.9557
2023-11-10,243941950.835,4382787.9657
2023-11-11,244240717.3979,4514891.0761
2023-11-12,211937967.9484,3928189.8275
2023-11-13,209723248.8693,3680135.8374
2023-11-14,208736277.9986,3813571.0131
2023-11-15,218081002.1688,3833739.5669
2023-11-16,225147021.2055,4120549.0472999997
2023-11-17,247330022.6352,4459545.9942
2023-11-18,256885096.6611,4527401.74
2023-11-19,233110985.9999,4152649.748
2023-11-20,244031497.2467,4208823.8969
2023-11-21,255269421.9713,4425274.6627
2023-11-22,275809482.943,4993296.0304
2023-11-23,137686228.6265,2447297.2418
2023-11-24,319727115.47400004,4709755.3898
2023-11-25,278637689.177,4626876.3917
2023-11-26,243416500.9898,4158250.0960999997
2023-11-27,269117788.1478,4325251.3165
2023-11-28,259856618.73900002,4247494.7648
2023-11-29,247869741.7069,4071205.4231
2023-11-30,257869997.0237,4352944.244
2023-12-01,303276075.1469,4798349.7838
2023-12-02,277684856.6962,4695728.9658
2023-12-03,241085002.3727,4217409.1122
2023-12-04,229749828.1042,4053689.482
2023-12-05,232007356.6961,4095036.7968
2023-12-06,227200473.6647,4086227.7602
2023-12-07,234525697.9189,4226909.5479
2023-12-08,253987069.83,4562459.6921
2023-12-09,263074703.38120002,4774449.8093
2023-12-10,237740414.0833,4268073.461
2023-12-11,232578111.69349998,4100232.9927000003
2023-12-12,229758165.03849998,4098701.8173
2023-12-13,237902742.723,4231041.3206
2023-12-14,251649542.3854,4460980.1872000005
2023-12-15,279802934.5257,4769144.494200001
2023-12-16,283574259.6953,4834570.5933
2023-12-17,246019931.1851,4344091.862
2023-12-18,248011288.8021,4234202.9468
2023-12-19,259054444.7699,4401034.9064
2023-12-20,267465793.7814,4549916.9099
2023-12-21,280931326.6799,4734303.6175999995
2023-12-22,308574619.5949,5043782.5894
2023-12-23,302904356.8105,5116194.1334
2023-12-24,205388324.1779,3760952.908
2023-12-25,80737780.4616,1607247.7439000001
2023-12-26,209697247.5816,3717720.3929
2023-12-27,228997030.0517,4011165.5194
2023-12-28,239963178.7406,4191703.3929
2023-12-29,253045620.84280002,4300568.0599
2023-12-30,237697163.3931,4254971.6179
2023-12-31,203337595.0197,3676863.5591
2024-01-01,185598629.5614,3117346.1168
2024-01-02,224043483.59820002,3734286.4336
2024-01-03,223633715.1794,3752013.8795000003
2024-01-04,217951592.8495,3860131.4068
2024-01-05,231914021.3675,4111740.7011
2024-01-06,219689972.7852,4021559.7635
2024-01-07,193113804.4226,3629308.4309
2024-01-08,191254167.6988,3504738.7341
2024-01-09,187144742.6843,3388899.1088
2024-01-10,197823273.5508,3600972.2513
2024-01-11,206024249.6174,3789967.6675
2024-01-12,224764767.2902,4056305.9847
2024-01-13,222830448.79140002,4207045.3664
2024-01-14,189456141.7774,3631879.4582
2024-01-15,195800821.9775,3542602.4032
2024-01-16,186390188.2276,3278542.7213
2024-01-17,195100497.4126,3547970.6638
2024-01-18,205549776.41009998,3717100.3985
2024-01-19,214569362.7527,3902301.5524
2024-01-20,226717415.5941,4087971.4065
2024-01-21,196429525.8178,3663382.1449
2024-01-22,187682650.1562,3468392.8108
2024-01-23,195010553.7775,3552938.2624
2024-01-24,189934927.291,3609947.5677
2024-01-25,205510875.4101,3767118.8125
2024-01-26,222300344.2219,4083267.1401
2024-01-27,222064028.6225,4309979.2303
2024-01-28,198825340.21920002,3797838.9227
2024-01-29,191398600.279,3499846.9155
2024-01-30,203059308.5867,3497436.869
2024-01-31,210849377.3638,3636105.3335
2024-02-01,261398002.9702,4148462.3734999998
2024-02-02,244546547.9048,4138116.9572
2024-02-03,243877438.1949,4394193.7084
2024-02-04,204556223.8403,3696257.9199
2024-02-05,201654689.4873,3572481.1696
2024-02-06,191330708.2787,3585594.4982
2024-02-07,195953419.6683,3648576.7357
2024-02-08,205166988.5207,3841893.8546
2024-02-09,227329751.5173,4237490.1724
2024-02-10,240094794.6767,4481724.009
2024-02-11,198792825.4019,3824131.3919
2024-02-12,195336177.7723,3603179.8618
2024-02-13,204974628.1805,3879711.502
2024-02-14,219590759.9402,4139356.9683
2024-02-15,220290582.3816,3908364.9507999998
2024-02-16,231000635.4834,4247944.1013
2024-02-17,235802024.1437,4236377.5083
2024-02-18,210904293.6459,3949489.7534
2024-02-19,216378844.7628,3857192.231
2024-02-20,207339309.6739,3618659.216
2024-02-21,208589264.9788,3754460.3649999998
2024-02-22,212870207.1959,3948068.415
2024-02-23,238179401.8735,4268113.849
2024-02-24,239391649.0676,4406292.5649
2024-02-25,215907320.2956,4068021.4287
2024-02-26,207095746.833,3717657.9575
2024-02-27,203036255.1422,3704980.4914
2024-02-28,224235064.4725,3926277.5615999997
2024-02-29,245472886.014,4263612.6151
2024-03-01,292384383.90999997,4617691.2205
2024-03-02,257731165.0285,4529921.226199999
2024-03-03,229797881.682,4115918.5966
2024-03-04,214375238.49289998,3747304.7846
2024-03-05,215735059.0407,3835541.1602
2024-03-06,209489731.0771,3808207.5738
2024-03-07,220385780.797,3956928.3957
2024-03-08,235314557.9297,4243043.2761
2024-03-09,244564273.3709,4464620.5657
2024-03-10,218200645.8947,3948283.3504
2024-03-11,210491011.8536,3757508.4192
2024-03-12,206434324.3568,3788801.1891
2024-03-13,215707653.32860002,4025520.8435
2024-03-14,223918996.5851,4124602.3568
2024-03-15,250566409.3069,4474218.9891
2024-03-16,248302459.7173,4641214.1283
2024-03-17,219564058.1662,4190219.3287
2024-03-18,207276132.3773,3767179.1357
2024-03-19,214012930.4552,3794826.9328
2024-03-20,217168771.233,3923413.5976
2024-03-21,219695588.8222,4017624.6251
2024-03-22,237783664.4666,4288622.6603
2024-03-23,244825591.6468,4433347.4754
2024-03-24,217435407.29659998,4069217.7975
2024-03-25,213999109.3119,3858395.7311
2024-03-26,214536879.3012,3885106.6887
2024-03-27,215052825.2885,3971054.3915
2024-03-28,237779795.0137,4283608.7817
2024-03-29,262155776.3908,4597790.1536
2024-03-30,258612422.2424,4666342.0011
2024-03-31,168101474.8387,3154705.3872
2024-04-01,274759563.6254,4205277.6657
2024-04-02,230438108.3662,3895020.5408
2024-04-03,224570280.2768,3929884.3043
2024-04-04,229087230.0782,4031073.8913
2024-04-05,247235687.014,4484858.3794
2024-04-06,246551789.0533,4615311.4866
2024-04-07,222047919.4235,4078159.9412000002
2024-04-08,205162120.0324,3699932.9589
2024-04-09,213752318.2538,3780178.1132
2024-04-10,216894147.61110002,3947285.5007
2024-04-11,218242260.7983,4046117.5565
2024-04-12,240400443.7172,4389810.4187
2024-04-13,250961690.7493,4483131.3202
2024-04-14,224356949.7147,4119832.9643
2024-04-15,230263226.23049998,4030401.256
2024-04-16,219369932.8696,3911320.3083
2024-04-17,211356562.7565,3975406.2774
2024-04-18,219597940.5265,4042151.9038
2024-04-19,242714796.0798,4467930.225
2024-04-20,243725716.1954,4587016.661
2024-04-21,221048558.6751,4213065.7848000005
2024-04-22,213926407.4352,3890150.194
2024-04-23,207932311.5212,3824303.4141
2024-04-24,214714947.85,4073018.5527
2024-04-25,222435387.6964,4155003.6747000003
2024-04-26,237729372.662,4409927.4271
2024-04-27,244314551.2642,4650048.6248
2024-04-28,228246743.5992,4245514.2375
2024-04-29,217700046.7009,3940743.9875000003
2024-04-30,230586344.5255,4031965.4905
2024-05-01,275388759.1604,4328521.1048
2024-05-02,242124373.0303,4237411.4037
2024-05-03,256015392.8347,4558262.8546
2024-05-04,248919706.4593,4558349.6961
2024-05-05,233189708.54230002,4265146.2495
2024-05-06,217352310.4343,3906074.8668
2024-05-07,216783987.6088,3889893.7452
2024-05-08,220294854.5934,4026844.926
2024-05-09,235641381.5077,4158361.1533
2024-05-10,257135436.8113,4656968.38
2024-05-11,264331734.4689,4938683.184
2024-05-12,222917361.1632,4250097.7509
2024-05-13,212752747.5717,3895215.3135
2024-05-14,209643940.1377,3862408.9049
2024-05-15,226538401.3276,4034484.2465
2024-05-16,224197700.4295,4000805.667
2024-05-17,241828931.4526,4469435.2748
2024-05-18,247756381.6729,4623149.1766
2024-05-19,223795995.6186,4208089.3618
2024-05-20,219544883.165,3939677.8233
2024-05-21,215492132.5237,3977826.4688
2024-05-22,220692556.2796,4002891.5086000003
2024-05-23,229748819.489,4243583.0471
2024-05-24,255635502.0704,4543971.6022
2024-05-25,249066476.9065,4701869.7574
2024-05-26,220394684.1129,4249079.4288
2024-05-27,211893469.0185,3933180.224
2024-05-28,219754139.5587,3992266.3067
2024-05-29,227247487.39540002,3989147.3382
2024-05-30,231992754.0318,4112995.2986999997
2024-05-31,257983313.2367,4354886.8845
2024-06-01,292528919.9027,4920239.055
2024-06-02,232014793.9429,4178568.455
2024-06-03,233002445.5934,3960972.6751
2024-06-04,226019971.6861,3934410.9979
2024-06-05,226813366.4569,4027273.3320999998
2024-06-06,231413750.5718,4233504.7712
2024-06-07,250211323.8351,4549298.751
2024-06-08,240305060.9318,4480693.1586
2024-06-09,222792995.4411,4197551.5808999995
2024-06-10,224368030.9578,3901906.4257
2024-06-11,216105647.6864,3894039.0203
2024-06-12,216234517.834,4001980.2256
2024-06-13,230322954.5663,4221547.0747
2024-06-14,252592929.3113,4565220.3771
2024-06-15,258592941.4981,4862132.8217
2024-06-16,223152939.439,4130101.0081
2024-06-17,214528151.7248,3878627.0384
2024-06-18,216623014.4492,3920139.1044
2024-06-19,232522922.2563,4231319.9435
2024-06-20,231413892.4465,4178208.9361
2024-06-21,248305955.921,4437990.4036
2024-06-22,239628757.4065,4590275.7615
2024-06-23,220661164.94619998,4143365.5024
2024-06-24,214966039.6483,3923345.068
2024-06-25,216790562.299,4015879.3874
2024-06-26,217484234.9703,3982502.8060999997
2024-06-27,230734678.9699,4265449.2644
2024-06-28,251577531.0376,4551650.7416
2024-06-29,252497005.7604,4478769.3166
2024-06-30,230553954.0569,4245896.2799
2024-07-01,274859791.8849,4326764.5848
2024-07-02,249574621.4571,4245583.2544
2024-07-03,261968824.4233,4506604.6822
2024-07-04,207227874.8307,3856150.3537
2024-07-05,240050986.6122,4253488.3825
2024-07-06,231062334.3851,4420726.5769
2024-07-07,215082602.4702,4020105.6169
2024-07-08,212630746.9959,3797621.0367
2024-07-09,215411119.8974,3778563.1282
2024-07-10,217430502.7341,3973317.6297
2024-07-11,220934356.0726,4052616.2438
2024-07-12,237805849.7345,4326172.3387
2024-07-13,237906806.7654,4514114.1632
2024-07-14,206819689.4959,4018162.445
2024-07-15,218599352.8277,3892142.5804
2024-07-16,222012369.1415,3897617.8532
2024-07-17,227916536.9465,4108101.3926
2024-07-18,232209010.2579,4279243.6624
2024-07-19,246238932.74060002,4470070.8136
2024-07-20,244455274.5794,4522212.7554
2024-07-21,219101928.8989,4206332.6908
2024-07-22,220076494.6591,3918094.3867
2024-07-23,217441847.4255,3952387.3971
2024-07-24,217957098.0056,3993903.8508
2024-07-25,229581512.7123,4190568.9175
2024-07-26,241521294.2658,4472932.3498
2024-07-27,233299791.7002,4587574.1197999995
2024-07-28,214914446.0764,4153214.8525
2024-07-29,213828338.7727,3815385.9329
2024-07-30,215014121.7947,3763236.9285999998
2024-07-31,230997896.0011,4007326.3155
2024-08-01,285688691.2223,4507144.4089
2024-08-02,258583373.1196,4530880.2923
2024-08-03,257254393.1594,4584564.9886
2024-08-04,224030457.0841,4115467.2365
2024-08-05,218273983.7483,3853145.5889
2024-08-06,214731765.0864,3873715.109
2024-08-07,215667641.2971,3983382.4167
2024-08-08,217636927.8021,4136662.0681
2024-08-09,238100807.3504,4403382.0349
2024-08-10,246622978.8867,4569798.7076
2024-08-11,222319569.7927,4149007.554
2024-08-12,216907628.2739,3930378.6415
2024-08-13,212837141.5281,3864228.8959
2024-08-14,215971638.03170002,4037416.7803
2024-08-15,231407760.2427,4200175.5662
2024-08-16,240575720.1191,4432107.6611
2024-08-17,243893759.7706,4544446.3835
2024-08-18,220561404.4646,4101579.4415
2024-08-19,213529354.6883,3844424.1396999997
2024-08-20,211089761.4971,3801052.0179
2024-08-21,212349427.4134,3843972.8533
2024-08-22,217919077.9418,4055781.2045
2024-08-23,237219947.3403,4400634.2608
2024-08-24,242929135.0025,4530625.8866
2024-08-25,219179718.92769998,4163971.9411
2024-08-26,209225886.324,3797397.0435
2024-08-27,203149633.2274,3841592.8195
2024-08-28,213285519.4492,3935142.2312000003
2024-08-29,226071809.5373,4087886.8386999997
2024-08-30,255539150.092,4537590.7608
2024-08-31,255924543.231,4632774.0766
2024-09-01,262570652.8823,4463301.7157
2024-09-02,229016900.4693,4023111.4529999997
2024-09-03,239294189.9258,3939699.9264
2024-09-04,219320946.9625,3909461.9875
2024-09-05,222676354.112,3982855.6245
2024-09-06,229257026.704,4290729.8235
2024-09-07,233400259.9563,4575857.3442
2024-09-08,209488021.7743,4042250.2199999997
2024-09-09,204968838.2745,3744763.5322
2024-09-10,203083810.059,3765286.8479999998
2024-09-11,197805437.2658,3777406.9575
2024-09-12,212519413.28079998,3958287.146
2024-09-13,239555043.1612,4425703.1643
2024-09-14,239073661.209,4548760.3646
2024-09-15,222946473.4949,4092765.6912
2024-09-16,208448878.1226,3813253.584
2024-09-17,202722516.8174,3735624.9888
2024-09-18,200294494.4317,3794739.6055
2024-09-19,214239658.7748,4002785.6452
2024-09-20,238857617.0856,4353496.1254
2024-09-21,244583478.5733,4560492.73
2024-09-22,216119161.6838,4129289.3935000002
2024-09-23,214904257.3431,3757929.4524
2024-09-24,203198864.2892,3813866.3161
2024-09-25,213402072.1886,3911585.1696
2024-09-26,213210676.596,3906614.7479
2024-09-27,238930014.1637,4356290.5283
2024-09-28,249379024.6914,4654984.1928
2024-09-29,223199490.276,4164187.0853
2024-09-30,231462761.3633,3940327.2777
2024-10-01,274452630.1922,4212169.2887
2024-10-02,227132764.5343,4042530.5258
2024-10-03,237712057.8273,4091991.5058
2024-10-04,242627700.2158,4402394.7636
2024-10-05,244989923.1663,4709823.8849
2024-10-06,224539767.1894,4288309.8451000005
2024-10-07,216992038.4963,3898982.5712
2024-10-08,203718634.7664,3794455.1621
2024-10-09,198859989.0734,3670630.9091
2024-10-10,208582705.563,3880775.0808
2024-10-11,241174321.5669,4341049.8995
2024-10-12,241139073.8283,4606147.9618
2024-10-13,219044217.9317,4200220.0261
2024-10-14,209715331.1754,3919912.8268999998
2024-10-15,218461148.7334,3814668.3036
2024-10-16,215352013.9062,3899592.3864
2024-10-17,213099786.7891,4060969.3211
2024-10-18,236210504.25079998,4443790.5753
2024-10-19,238969894.5576,4575073.0615
2024-10-20,219170958.9733,4221555.9683
2024-10-21,205637387.2126,3812309.1143
2024-10-22,206699079.1781,3836061.4067
2024-10-23,211847149.8558,3951005.381
2024-10-24,216607390.1252,4128017.3562
2024-10-25,240096343.9709,4528722.6181
2024-10-26,236325009.8438,4570403.7813
2024-10-27,208645262.19979998,4199616.7284
2024-10-28,208488872.4555,3943178.2661
2024-10-29,205104450.5685,3816973.0686
2024-10-30,217761338.0543,3990085.3158
2024-10-31,220825126.6841,4031829.3301999997
2024-11-01,288281605.6704,4700783.7997
2024-11-02,253283778.1987,4567176.5007
2024-11-03,231513186.3308,4123370.7768
2024-11-04,215308685.1676,3820167.0918
2024-11-05,210760783.4176,3792982.8255
2024-11-06,195247760.6094,3798020.9605
2024-11-07,216575782.28329998,3969926.0489
2024-11-08,238493609.6401,4461907.6357
2024-11-09,248189591.1011,4609755.1896
2024-11-10,223936401.0614,4178574.6592
2024-11-11,215233597.50100002,3942735.4256
2024-11-12,209333286.7683,3791088.3637
2024-11-13,212494696.6832,3896183.8446
2024-11-14,219180233.7301,4151820.8632
2024-11-15,254286742.2244,4549943.3856
2024-11-16,255228565.6455,4713125.872
2024-11-17,230609222.9892,4152283.8362000003
2024-11-18,212242430.2802,3861088.1272
2024-11-19,213798314.5535,3875749.8002
2024-11-20,222696817.3611,3984704.7504
2024-11-21,230974831.856,4195349.7587
2024-11-22,255038073.4388,4545012.2171
2024-11-23,272701837.7484,4839541.3068
2024-11-24,240078012.8255,4325605.977
2024-11-25,252288816.6773,4325401.456
2024-11-26,269835112.7515,4611063.813
2024-11-27,284202139.6888,5068468.2049
2024-11-28,147696977.7551,2628900.6803
2024-11-29,335638679.7808,4911927.3334
2024-11-30,312242225.6702,4923585.1554000005
2024-12-01,309391301.2876,4694170.448
2024-12-02,302634096.0102,4591602.254600001
2024-12-03,284676612.3617,4478624.9344
2024-12-04,258066427.6029,4252408.3535
2024-12-05,256844695.3612,4377832.1434
2024-12-06,269430767.5151,4714655.5338
2024-12-07,272315408.0125,4893296.4564
2024-12-08,248404098.3666,4439040.8502
2024-12-09,235009627.279,4155701.6051000003
2024-12-10,243236684.787,4206889.0769
2024-12-11,235757491.2125,4235735.6807
2024-12-12,256070793.49870002,4512301.2031
2024-12-13,277686166.4164,4872401.7787
2024-12-14,281825926.271,4923944.1809
2024-12-15,260848259.0895,4563093.2283
2024-12-16,251025594.1132,4382527.6677
2024-12-17,251217705.11200002,4412959.1903
2024-12-18,258956743.9282,4534311.7889
2024-12-19,276933948.7548,4764635.6331
2024-12-20,294255246.3462,4967324.0408
2024-12-21,294777434.5065,5049580.8495000005
2024-12-22,264666296.28100002,4658967.5992
2024-12-23,307860221.7698,5132053.4251
2024-12-24,247982408.4369,4288084.8508
2024-12-25,93457646.6591,1696800.3766
2024-12-26,220980030.1481,3917165.3881
2024-12-27,244659984.1181,4448036.156
2024-12-28,234745566.7463,4262492.2899
2024-12-29,206485896.9354,3883316.9932
2024-12-30,239509830.8734,4135833.5494
2024-12-31,247294923.1208,4023936.2221999997
