VALID_DATE_AS_YYYYMMDD,MAX_TEMP_C,TOTAL_PRECIPITATION_MM
2020-01-01,25.47,28194.100000000002
2020-01-02,24.64,129115.7
2020-01-03,27.4,187558.0
2020-01-04,25.4,130608.1
2020-01-05,24.82,35949.7
2020-01-06,25.86,30373.8
2020-01-07,25.73,37899.2
2020-01-08,25.0,25226.7
2020-01-09,24.68,26549.7
2020-01-10,25.1,148836.8
2020-01-11,27.2,378594.2
2020-01-12,27.1,176694.5
2020-01-13,25.81,108845.3
2020-01-14,26.5,152258.1
2020-01-15,26.8,55258.9
2020-01-16,25.1,105445.3
2020-01-17,25.0,92827.9
2020-01-18,24.0,202154.5
2020-01-19,24.02,68292.1
2020-01-20,23.45,7550.2
2020-01-21,24.28,29345.9
2020-01-22,24.69,67068.2
2020-01-23,23.91,104040.3
2020-01-24,24.13,137215.3
2020-01-25,24.67,170866.2
2020-01-26,24.4,78059.0
2020-01-27,24.86,47404.5
2020-01-28,23.77,59662.5
2020-01-29,23.29,55489.8
2020-01-30,22.3,33695.4
2020-01-31,23.38,61249.9
2020-02-01,23.17,69291.8
2020-02-02,23.67,23189.899999999998
2020-02-03,23.08,15784.5
2020-02-04,24.7,63578.0
2020-02-05,23.62,166215.8
2020-02-06,26.7,382378.4
2020-02-07,23.35,279013.1
2020-02-08,23.94,25957.6
2020-02-09,24.45,50215.2
2020-02-10,27.65,189589.0
2020-02-11,26.25,165852.3
2020-02-12,27.1,157605.8
2020-02-13,28.3,192380.4
2020-02-14,26.1,33922.1
2020-02-15,25.49,17205.8
2020-02-16,26.05,61466.6
2020-02-17,26.49,52935.5
2020-02-18,26.85,145439.5
2020-02-19,27.45,95000.8
2020-02-20,26.5,138195.1
2020-02-21,25.7,60805.7
2020-02-22,24.77,20385.3
2020-02-23,25.12,26299.7
2020-02-24,25.65,119825.8
2020-02-25,27.22,161227.4
2020-02-26,29.5,58581.0
2020-02-27,25.25,82330.8
2020-02-28,25.58,11345.1
2020-02-29,24.66,10514.1
2020-03-01,24.34,15023.1
2020-03-02,25.45,76132.7
2020-03-03,25.4,114022.8
2020-03-04,25.95,185745.7
2020-03-05,29.55,160748.2
2020-03-06,26.64,55908.2
2020-03-07,25.04,17037.9
2020-03-08,25.66,17730.4
2020-03-09,24.42,65487.5
2020-03-10,25.12,108496.2
2020-03-11,28.4,48881.3
2020-03-12,29.2,86564.6
2020-03-13,31.2,154039.5
2020-03-14,32.7,98764.0
2020-03-15,31.8,99194.6
2020-03-16,27.94,72574.2
2020-03-17,26.15,79351.7
2020-03-18,28.75,147966.2
2020-03-19,28.7,224093.7
2020-03-20,26.94,195885.2
2020-03-21,29.0,80032.1
2020-03-22,27.38,79587.6
2020-03-23,27.61,153258.5
2020-03-24,27.95,116173.0
2020-03-25,28.7,132333.8
2020-03-26,28.0,44796.4
2020-03-27,30.95,41234.8
2020-03-28,33.9,168144.0
2020-03-29,34.9,159073.8
2020-03-30,30.7,61831.0
2020-03-31,28.8,109617.0
2020-04-01,28.35,72501.4
2020-04-02,31.65,42418.0
2020-04-03,36.3,68836.6
2020-04-04,39.4,72170.1
2020-04-05,36.45,60787.3
2020-04-06,33.1,47725.299999999996
2020-04-07,27.63,71448.6
2020-04-08,29.46,98172.4
2020-04-09,36.49,119444.2
2020-04-10,33.84,57592.4
2020-04-11,37.11,27385.0
2020-04-12,37.5,171953.5
2020-04-13,33.17,396011.3
2020-04-14,31.4,52788.7
2020-04-15,31.3,45764.5
2020-04-16,31.3,40558.6
2020-04-17,30.65,54801.0
2020-04-18,32.45,81486.0
2020-04-19,37.0,172051.6
2020-04-20,37.0,181396.1
2020-04-21,35.3,54537.2
2020-04-22,32.45,87765.2
2020-04-23,35.05,240270.2
2020-04-24,37.5,215856.3
2020-04-25,33.57,108695.90000000001
2020-04-26,35.02,115553.4
2020-04-27,39.74,53905.0
2020-04-28,37.9,82142.2
2020-04-29,38.95,225388.4
2020-04-30,35.65,234012.4
2020-05-01,39.05,102542.3
2020-05-02,34.88,25903.7
2020-05-03,39.95,54272.3
2020-05-04,37.7,70547.9
2020-05-05,37.95,84934.9
2020-05-06,39.3,58097.2
2020-05-07,38.0,19154.100000000002
2020-05-08,33.51,117892.2
2020-05-09,37.3,67663.7
2020-05-10,38.55,36768.6
2020-05-11,37.9,53688.4
2020-05-12,36.7,57553.9
2020-05-13,33.5,67078.2
2020-05-14,34.75,115691.3
2020-05-15,36.9,200980.2
2020-05-16,38.85,145565.0
2020-05-17,40.55,237021.3
2020-05-18,42.1,270079.5
2020-05-19,43.15,176306.3
2020-05-20,41.4,148246.4
2020-05-21,41.2,103173.2
2020-05-22,41.1,135962.0
2020-05-23,40.95,168628.9
2020-05-24,42.05,137671.6
2020-05-25,42.8,189454.7
2020-05-26,42.15,143439.7
2020-05-27,40.1,146859.6
2020-05-28,42.75,210205.0
2020-05-29,43.7,147189.3
2020-05-30,44.7,86473.2
2020-05-31,43.15,38968.2
2020-06-01,43.9,44034.4
2020-06-02,43.35,52580.8
2020-06-03,42.65,69222.2
2020-06-04,41.6,129181.5
2020-06-05,42.55,117942.1
2020-06-06,42.3,120174.1
2020-06-07,41.8,149229.8
2020-06-08,42.4,133760.1
2020-06-09,40.8,198539.7
2020-06-10,42.6,218793.30000000002
2020-06-11,37.79,123504.5
2020-06-12,42.35,55161.0
2020-06-13,40.95,50334.0
2020-06-14,42.9,34684.3
2020-06-15,42.6,58809.9
2020-06-16,41.05,72231.9
2020-06-17,42.75,59054.799999999996
2020-06-18,40.15,86014.3
2020-06-19,39.8,127479.6
2020-06-20,38.35,140790.0
2020-06-21,35.1,120863.5
2020-06-22,38.6,171510.4
2020-06-23,36.2,205540.6
2020-06-24,39.05,147949.7
2020-06-25,42.0,111285.0
2020-06-26,37.7,99399.4
2020-06-27,36.18,122336.4
2020-06-28,41.02,111941.0
2020-06-29,43.25,165901.30000000002
2020-06-30,44.4,134054.7
2020-07-01,44.8,118051.3
2020-07-02,43.35,66260.2
2020-07-03,42.95,71990.1
2020-07-04,43.95,46067.4
2020-07-05,43.4,117191.9
2020-07-06,38.95,117085.8
2020-07-07,39.9,135096.9
2020-07-08,37.95,118621.2
2020-07-09,43.2,95619.5
2020-07-10,46.05,163192.6
2020-07-11,47.35,108456.3
2020-07-12,47.55,95312.6
2020-07-13,47.5,34012.9
2020-07-14,46.9,66784.4
2020-07-15,45.3,129784.6
2020-07-16,39.36,108728.8
2020-07-17,45.0,51028.8
2020-07-18,43.35,102044.7
2020-07-19,44.55,89995.1
2020-07-20,39.68,85470.4
2020-07-21,44.75,118219.0
2020-07-22,44.1,128362.9
2020-07-23,42.7,135143.7
2020-07-24,36.8,123878.1
2020-07-25,37.6,120459.6
2020-07-26,37.9,130857.59999999999
2020-07-27,39.4,150344.7
2020-07-28,39.5,127572.9
2020-07-29,39.4,153692.6
2020-07-30,40.8,149367.7
2020-07-31,41.75,125627.20000000001
2020-08-01,39.85,98258.6
2020-08-02,40.4,107495.4
2020-08-03,38.55,95307.8
2020-08-04,38.0,242359.4
2020-08-05,38.0,77645.6
2020-08-06,36.5,63303.8
2020-08-07,36.6,72827.0
2020-08-08,37.6,55683.1
2020-08-09,38.3,65527.4
2020-08-10,37.0,86536.1
2020-08-11,38.7,154419.8
2020-08-12,38.0,81613.3
2020-08-13,39.95,103882.2
2020-08-14,39.25,128320.5
2020-08-15,39.35,92095.2
2020-08-16,39.75,131857.4
2020-08-17,40.5,38855.9
2020-08-18,39.65,44945.0
2020-08-19,39.95,81462.6
2020-08-20,38.9,56203.6
2020-08-21,37.2,79544.7
2020-08-22,37.74,94826.5
2020-08-23,39.8,71191.9
2020-08-24,39.65,83244.3
2020-08-25,39.4,111369.90000000001
2020-08-26,38.35,67037.0
2020-08-27,39.1,136255.0
2020-08-28,38.7,169768.2
2020-08-29,39.5,206016.2
2020-08-30,39.3,88054.6
2020-08-31,38.9,165463.1
2020-09-01,37.48,155689.8
2020-09-02,36.8,154392.5
2020-09-03,36.1,97614.5
2020-09-04,37.25,45621.8
2020-09-05,39.1,36528.9
2020-09-06,38.15,56269.0
2020-09-07,37.35,85309.2
2020-09-08,36.3,140745.9
2020-09-09,34.9,220238.6
2020-09-10,34.1,188343.8
2020-09-11,35.9,83819.0
2020-09-12,37.23,142905.6
2020-09-13,36.14,124820.3
2020-09-14,36.1,37720.5
2020-09-15,34.4,75089.4
2020-09-16,35.3,222865.7
2020-09-17,34.6,222847.4
2020-09-18,33.7,134776.0
2020-09-19,35.0,62417.0
2020-09-20,33.74,63496.8
2020-09-21,35.29,57111.1
2020-09-22,35.41,62392.1
2020-09-23,36.86,89376.2
2020-09-24,33.9,108827.2
2020-09-25,33.7,116780.2
2020-09-26,33.0,63133.7
2020-09-27,33.4,70577.5
2020-09-28,33.3,149852.9
2020-09-29,33.1,127379.7
2020-09-30,33.7,153983.5
2020-10-01,34.4,40984.6
2020-10-02,32.8,29622.0
2020-10-03,31.5,26941.199999999997
2020-10-04,32.5,39393.299999999996
2020-10-05,33.5,17231.0
2020-10-06,32.0,7998.5
2020-10-07,33.7,13746.9
2020-10-08,31.3,36774.1
2020-10-09,33.4,122260.0
2020-10-10,31.7,146441.7
2020-10-11,30.5,168450.2
2020-10-12,30.4,163687.8
2020-10-13,30.5,86172.5
2020-10-14,32.3,31503.7
2020-10-15,30.82,15140.3
2020-10-16,30.85,71119.2
2020-10-17,30.62,79608.90000000001
2020-10-18,29.68,36142.5
2020-10-19,30.15,90968.3
2020-10-20,30.01,100459.4
2020-10-21,29.79,95923.3
2020-10-22,31.66,116385.3
2020-10-23,29.85,157385.69999999998
2020-10-24,29.42,104037.9
2020-10-25,29.86,106705.6
2020-10-26,29.89,84717.7
2020-10-27,29.5,73839.7
2020-10-28,32.0,178825.8
2020-10-29,31.7,330416.9
2020-10-30,29.15,128479.3
2020-10-31,29.96,7253.9
2020-11-01,29.61,68505.5
2020-11-02,28.04,30248.0
2020-11-03,27.58,20732.2
2020-11-04,27.4,27631.7
2020-11-05,28.5,12151.5
2020-11-06,28.11,12377.8
2020-11-07,28.2,36643.1
2020-11-08,28.8,45003.1
2020-11-09,29.4,69567.5
2020-11-10,28.41,161872.8
2020-11-11,29.0,209535.6
2020-11-12,28.6,241426.5
2020-11-13,28.1,111914.4
2020-11-14,27.7,59129.4
2020-11-15,27.24,129095.4
2020-11-16,27.66,45401.1
2020-11-17,27.08,23306.3
2020-11-18,27.26,25789.1
2020-11-19,27.09,17152.7
2020-11-20,27.29,6455.3
2020-11-21,27.67,22058.6
2020-11-22,27.7,93917.1
2020-11-23,28.64,100035.4
2020-11-24,28.19,82892.5
2020-11-25,26.2,134868.4
2020-11-26,26.66,100057.6
2020-11-27,27.45,57209.5
2020-11-28,26.61,109537.3
2020-11-29,27.14,94856.9
2020-11-30,26.2,270689.6
2020-12-01,26.29,82336.1
2020-12-02,27.39,20990.7
2020-12-03,27.57,31558.4
2020-12-04,26.91,68673.5
2020-12-05,27.06,153723.8
2020-12-06,26.42,35577.6
2020-12-07,27.0,35724.4
2020-12-08,27.34,13286.9
2020-12-09,27.06,6455.8
2020-12-10,26.09,13062.6
2020-12-11,25.89,44952.9
2020-12-12,25.99,120705.0
2020-12-13,26.49,102991.40000000001
2020-12-14,25.52,174727.1
2020-12-15,25.16,44880.0
2020-12-16,24.91,127498.2
2020-12-17,25.14,120533.5
2020-12-18,25.65,18909.1
2020-12-19,24.6,62571.4
2020-12-20,26.09,88213.7
2020-12-21,26.34,61554.299999999996
2020-12-22,25.43,18742.3
2020-12-23,25.14,50162.0
2020-12-24,25.8,242142.6
2020-12-25,24.88,231759.8
2020-12-26,25.82,41804.6
2020-12-27,25.72,22315.2
2020-12-28,24.81,43711.9
2020-12-29,25.5,55170.0
2020-12-30,25.74,133753.9
2020-12-31,25.55,197480.5
2021-01-01,26.4,268565.6
2021-01-02,27.6,230087.6
2021-01-03,24.22,113081.5
2021-01-04,24.66,49524.9
2021-01-05,25.41,40308.6
2021-01-06,24.75,31730.1
2021-01-07,24.79,77051.3
2021-01-08,25.33,61024.9
2021-01-09,25.69,26576.6
2021-01-10,24.91,35191.6
2021-01-11,25.32,83518.8
2021-01-12,25.71,70610.6
2021-01-13,24.54,36019.0
2021-01-14,24.7,30072.6
2021-01-15,25.11,58710.7
2021-01-16,24.95,97056.09999999999
2021-01-17,24.17,38427.5
2021-01-18,25.64,16638.7
2021-01-19,26.66,22036.9
2021-01-20,25.47,29582.9
2021-01-21,25.51,33981.8
2021-01-22,24.16,101699.7
2021-01-23,25.74,38266.0
2021-01-24,25.19,46206.2
2021-01-25,25.75,155548.4
2021-01-26,25.0,209284.2
2021-01-27,25.3,106720.7
2021-01-28,24.43,97421.7
2021-01-29,24.18,44534.0
2021-01-30,25.05,59330.1
2021-01-31,25.39,156771.9
2021-02-01,25.28,130141.8
2021-02-02,24.54,71519.5
2021-02-03,24.33,32953.8
2021-02-04,24.61,43465.8
2021-02-05,23.39,71187.7
2021-02-06,25.19,70763.9
2021-02-07,25.32,101348.1
2021-02-08,25.36,31836.8
2021-02-09,26.5,55982.9
2021-02-10,26.5,38993.7
2021-02-11,25.2,100973.40000000001
2021-02-12,27.4,167651.5
2021-02-13,26.75,124499.2
2021-02-14,27.55,136838.6
2021-02-15,28.0,168759.7
2021-02-16,26.15,183803.3
2021-02-17,25.6,63211.799999999996
2021-02-18,27.0,164804.6
2021-02-19,26.4,111726.5
2021-02-20,24.91,34196.3
2021-02-21,24.0,34851.3
2021-02-22,25.5,87453.9
2021-02-23,26.39,83871.7
2021-02-24,26.08,29724.9
2021-02-25,26.8,38108.9
2021-02-26,26.64,69429.1
2021-02-27,27.14,92948.7
2021-02-28,27.05,144660.6
2021-03-01,27.6,163041.9
2021-03-02,27.01,106498.8
2021-03-03,26.9,105311.5
2021-03-04,26.7,39272.2
2021-03-05,29.6,33383.4
2021-03-06,28.46,35569.6
2021-03-07,25.71,33308.8
2021-03-08,26.44,31583.3
2021-03-09,26.55,41716.1
2021-03-10,27.15,75196.7
2021-03-11,26.99,85254.9
2021-03-12,27.5,67777.3
2021-03-13,26.34,65967.90000000001
2021-03-14,26.56,119919.6
2021-03-15,27.66,128020.6
2021-03-16,26.5,112090.9
2021-03-17,28.7,124590.7
2021-03-18,29.3,242196.5
2021-03-19,29.5,116634.2
2021-03-20,26.3,50109.2
2021-03-21,25.5,52210.8
2021-03-22,25.89,78332.3
2021-03-23,27.33,135348.7
2021-03-24,27.86,196749.1
2021-03-25,29.9,185151.3
2021-03-26,31.2,166415.2
2021-03-27,30.0,78006.3
2021-03-28,29.3,203715.0
2021-03-29,28.45,83870.2
2021-03-30,29.09,39131.2
2021-03-31,28.21,147435.7
2021-04-01,29.51,128190.8
2021-04-02,29.15,30743.7
2021-04-03,29.7,28352.7
2021-04-04,29.86,33277.5
2021-04-05,28.95,44344.8
2021-04-06,29.49,53892.8
2021-04-07,28.17,87071.0
2021-04-08,28.75,136120.7
2021-04-09,29.75,119125.9
2021-04-10,29.4,230858.7
2021-04-11,30.7,205780.0
2021-04-12,33.01,83174.9
2021-04-13,31.66,61532.1
2021-04-14,32.01,84871.3
2021-04-15,30.63,128362.5
2021-04-16,28.75,107037.1
2021-04-17,28.79,109746.3
2021-04-18,28.6,57795.2
2021-04-19,29.76,49074.0
2021-04-20,28.86,54086.8
2021-04-21,29.81,60120.8
2021-04-22,30.81,33339.4
2021-04-23,30.59,55796.4
2021-04-24,31.44,227058.2
2021-04-25,32.06,187459.6
2021-04-26,33.5,58443.5
2021-04-27,33.89,50443.7
2021-04-28,33.54,160789.2
2021-04-29,33.03,168421.4
2021-04-30,29.6,146221.9
2021-05-01,29.86,120610.3
2021-05-02,29.7,109421.0
2021-05-03,30.25,178256.2
2021-05-04,34.69,244103.0
2021-05-05,31.56,183927.3
2021-05-06,30.36,64156.9
2021-05-07,31.3,48875.8
2021-05-08,31.86,61148.200000000004
2021-05-09,32.31,173358.3
2021-05-10,30.88,139511.0
2021-05-11,30.24,103310.5
2021-05-12,31.15,159147.2
2021-05-13,32.3,67532.0
2021-05-14,36.56,34025.9
2021-05-15,35.01,63429.799999999996
2021-05-16,35.02,92844.2
2021-05-17,35.71,151249.3
2021-05-18,34.11,161081.69999999998
2021-05-19,35.41,149122.4
2021-05-20,35.72,109767.7
2021-05-21,33.64,101523.8
2021-05-22,35.48,88871.6
2021-05-23,35.76,100359.8
2021-05-24,36.74,87409.3
2021-05-25,37.05,90284.9
2021-05-26,38.04,108086.3
2021-05-27,34.2,134516.5
2021-05-28,32.04,188700.7
2021-05-29,33.5,173427.6
2021-05-30,36.0,114324.1
2021-05-31,36.5,122694.7
2021-06-01,36.5,109206.6
2021-06-02,35.0,122903.6
2021-06-03,36.0,138299.7
2021-06-04,37.1,187170.7
2021-06-05,36.9,125402.8
2021-06-06,37.59,151919.2
2021-06-07,37.05,162067.3
2021-06-08,36.01,191305.3
2021-06-09,35.39,168315.1
2021-06-10,35.27,135916.7
2021-06-11,35.1,165396.4
2021-06-12,36.14,184878.5
2021-06-13,35.85,112014.7
2021-06-14,36.9,131280.6
2021-06-15,37.85,115080.3
2021-06-16,38.85,67574.0
2021-06-17,39.9,64415.1
2021-06-18,40.75,96399.4
2021-06-19,39.94,187619.9
2021-06-20,39.3,195512.4
2021-06-21,38.66,213581.4
2021-06-22,36.92,217790.1
2021-06-23,38.04,133049.9
2021-06-24,39.0,125944.09999999999
2021-06-25,37.12,207003.6
2021-06-26,37.36,220002.4
2021-06-27,38.44,188949.0
2021-06-28,37.86,139607.19999999998
2021-06-29,38.54,193760.7
2021-06-30,37.33,173800.1
2021-07-01,36.95,230752.7
2021-07-02,39.4,274732.9
2021-07-03,40.43,127547.8
2021-07-04,38.05,108644.1
2021-07-05,38.19,117355.4
2021-07-06,39.1,197196.2
2021-07-07,38.21,298722.8
2021-07-08,38.57,284807.5
2021-07-09,39.65,241057.5
2021-07-10,40.11,208116.1
2021-07-11,40.61,192137.6
2021-07-12,38.7,172436.0
2021-07-13,39.99,153530.8
2021-07-14,38.76,124152.0
2021-07-15,38.95,198024.1
2021-07-16,38.66,158091.3
2021-07-17,36.64,179025.9
2021-07-18,38.11,176620.1
2021-07-19,37.01,177389.0
2021-07-20,38.54,205212.9
2021-07-21,40.55,116271.3
2021-07-22,38.11,95112.9
2021-07-23,39.7,115411.9
2021-07-24,39.36,146795.4
2021-07-25,40.7,111769.2
2021-07-26,38.75,90629.3
2021-07-27,39.61,152939.6
2021-07-28,39.65,134655.0
2021-07-29,38.52,153208.0
2021-07-30,37.8,115932.09999999999
2021-07-31,38.81,127113.0
2021-08-01,38.4,152457.3
2021-08-02,38.0,143378.9
2021-08-03,39.67,122232.0
2021-08-04,39.89,139737.1
2021-08-05,39.35,92181.0
2021-08-06,38.2,87691.0
2021-08-07,37.38,133864.2
2021-08-08,37.79,186445.8
2021-08-09,39.41,125811.2
2021-08-10,40.18,114716.6
2021-08-11,38.54,128794.4
2021-08-12,39.29,132534.0
2021-08-13,39.16,113135.8
2021-08-14,36.25,122596.7
2021-08-15,36.96,127798.9
2021-08-16,38.24,159547.0
2021-08-17,37.73,190332.1
2021-08-18,37.55,186390.7
2021-08-19,39.34,199312.8
2021-08-20,40.2,174852.0
2021-08-21,39.11,144041.1
2021-08-22,37.59,142294.8
2021-08-23,38.81,111183.3
2021-08-24,37.85,120824.70000000001
2021-08-25,37.89,139660.5
2021-08-26,37.7,125605.3
2021-08-27,37.96,157371.8
2021-08-28,38.4,182634.19999999998
2021-08-29,38.34,187033.6
2021-08-30,37.5,173542.0
2021-08-31,37.5,211391.0
2021-09-01,35.9,239875.1
2021-09-02,37.15,257003.3
2021-09-03,36.63,110144.8
2021-09-04,38.1,91889.6
2021-09-05,36.75,95398.9
2021-09-06,36.61,74945.9
2021-09-07,36.58,63005.1
2021-09-08,35.35,105730.7
2021-09-09,36.95,161786.9
2021-09-10,36.79,69459.3
2021-09-11,37.33,42224.8
2021-09-12,38.41,69088.9
2021-09-13,37.66,103501.1
2021-09-14,37.26,149943.5
2021-09-15,36.74,176437.0
2021-09-16,38.31,165616.1
2021-09-17,36.58,140982.1
2021-09-18,36.86,122484.5
2021-09-19,37.74,139633.3
2021-09-20,35.56,115819.5
2021-09-21,34.24,152773.3
2021-09-22,32.46,167539.4
2021-09-23,35.49,172402.6
2021-09-24,36.69,89098.8
2021-09-25,35.34,39963.7
2021-09-26,34.36,33654.6
2021-09-27,33.64,38527.3
2021-09-28,34.98,44285.2
2021-09-29,35.66,135832.3
2021-09-30,35.24,112745.9
2021-10-01,33.54,116404.7
2021-10-02,33.84,84710.90000000001
2021-10-03,35.39,131558.9
2021-10-04,38.9,114378.2
2021-10-05,35.05,158293.0
2021-10-06,36.3,123532.1
2021-10-07,34.14,88544.6
2021-10-08,32.97,138408.0
2021-10-09,33.75,88127.7
2021-10-10,32.71,87030.1
2021-10-11,31.01,107504.5
2021-10-12,32.06,69052.5
2021-10-13,32.1,107716.4
2021-10-14,30.6,132061.1
2021-10-15,31.4,65176.6
2021-10-16,31.8,106890.2
2021-10-17,32.8,62705.5
2021-10-18,32.01,19338.0
2021-10-19,31.2,13772.1
2021-10-20,31.3,42646.6
2021-10-21,30.3,61038.5
2021-10-22,30.7,83778.3
2021-10-23,30.46,33780.6
2021-10-24,30.61,164609.7
2021-10-25,29.77,369628.8
2021-10-26,29.94,200514.2
2021-10-27,29.86,154492.8
2021-10-28,29.31,261500.0
2021-10-29,29.5,172200.9
2021-10-30,30.31,113586.8
2021-10-31,28.7,68947.3
2021-11-01,29.41,38518.0
2021-11-02,29.2,22787.3
2021-11-03,28.5,42389.700000000004
2021-11-04,28.4,71011.5
2021-11-05,28.13,58006.2
2021-11-06,28.35,58494.2
2021-11-07,28.65,38813.4
2021-11-08,28.6,12361.2
2021-11-09,28.59,40533.1
2021-11-10,28.9,29602.0
2021-11-11,27.94,169168.5
2021-11-12,28.75,208359.3
2021-11-13,29.21,76371.5
2021-11-14,28.0,42550.2
2021-11-15,27.02,41335.2
2021-11-16,28.01,23835.0
2021-11-17,27.8,4053.7999999999997
2021-11-18,28.25,50501.5
2021-11-19,27.61,48945.9
2021-11-20,27.11,14509.5
2021-11-21,27.0,42441.3
2021-11-22,27.76,128951.4
2021-11-23,27.84,24252.5
2021-11-24,27.36,10053.6
2021-11-25,28.64,54369.4
2021-11-26,29.32,61015.9
2021-11-27,29.65,25294.5
2021-11-28,28.45,45372.7
2021-11-29,26.94,17008.3
2021-11-30,26.64,10801.5
2021-12-01,26.51,24750.899999999998
2021-12-02,25.91,19041.6
2021-12-03,26.19,14393.4
2021-12-04,26.75,4928.1
2021-12-05,26.59,32595.0
2021-12-06,27.17,203619.2
2021-12-07,26.89,94078.7
2021-12-08,25.94,43258.6
2021-12-09,25.56,46322.0
2021-12-10,27.5,86417.5
2021-12-11,26.1,239747.3
2021-12-12,26.53,130099.4
2021-12-13,26.57,32791.9
2021-12-14,25.6,45381.3
2021-12-15,25.21,62791.700000000004
2021-12-16,26.69,88410.9
2021-12-17,27.08,38300.7
2021-12-18,28.44,104017.2
2021-12-19,27.2,185333.4
2021-12-20,25.91,51367.6
2021-12-21,26.29,72810.7
2021-12-22,26.56,48419.8
2021-12-23,26.02,57978.0
2021-12-24,25.62,85333.9
2021-12-25,25.49,65729.2
2021-12-26,25.81,59963.3
2021-12-27,26.96,62703.9
2021-12-28,27.12,52531.0
2021-12-29,26.3,98698.9
2021-12-30,26.07,207383.9
2021-12-31,27.04,57948.7
2022-01-01,29.0,126016.7
2022-01-02,27.14,238749.7
2022-01-03,27.16,181187.7
2022-01-04,27.49,53546.7
2022-01-05,27.24,31104.2
2022-01-06,26.76,74760.6
2022-01-07,26.48,77125.3
2022-01-08,26.05,42980.8
2022-01-09,26.18,136601.1
2022-01-10,25.28,171315.7
2022-01-11,25.84,24958.2
2022-01-12,25.94,29116.8
2022-01-13,25.49,24346.4
2022-01-14,26.11,20396.8
2022-01-15,25.24,51475.4
2022-01-16,26.5,164250.19999999998
2022-01-17,26.62,193606.7
2022-01-18,26.59,44301.2
2022-01-19,27.19,23761.5
2022-01-20,26.33,111426.5
2022-01-21,27.72,72276.6
2022-01-22,25.51,26486.7
2022-01-23,26.62,20010.7
2022-01-24,25.92,26890.1
2022-01-25,26.49,66900.3
2022-01-26,25.02,23493.2
2022-01-27,25.15,11563.0
2022-01-28,25.55,20432.9
2022-01-29,25.21,27237.899999999998
2022-01-30,25.44,20716.1
2022-01-31,25.46,28042.0
2022-02-01,25.99,50686.1
2022-02-02,26.39,118407.5
2022-02-03,26.41,208364.9
2022-02-04,24.92,247794.5
2022-02-05,24.95,88291.6
2022-02-06,29.69,14633.3
2022-02-07,27.06,32481.9
2022-02-08,26.98,55342.1
2022-02-09,26.09,29219.0
2022-02-10,25.9,22212.6
2022-02-11,25.72,34101.1
2022-02-12,26.19,34116.2
2022-02-13,25.14,23918.6
2022-02-14,25.88,24766.4
2022-02-15,26.21,16893.9
2022-02-16,25.51,23845.3
2022-02-17,26.4,178407.4
2022-02-18,26.9,257953.4
2022-02-19,26.56,37216.7
2022-02-20,26.14,16140.2
2022-02-21,27.93,32862.3
2022-02-22,28.05,134614.1
2022-02-23,25.54,198200.0
2022-02-24,25.76,61532.6
2022-02-25,28.0,128182.9
2022-02-26,27.6,44261.299999999996
2022-02-27,27.41,56330.4
2022-02-28,27.91,67271.40000000001
2022-03-01,27.13,50180.4
2022-03-02,27.13,33070.9
2022-03-03,26.65,41827.7
2022-03-04,26.21,23945.7
2022-03-05,27.8,43374.2
2022-03-06,26.94,123244.2
2022-03-07,28.0,162809.6
2022-03-08,30.3,120193.40000000001
2022-03-09,30.9,159209.1
2022-03-10,29.4,93537.4
2022-03-11,33.0,38572.7
2022-03-12,32.6,109793.9
2022-03-13,30.2,87387.6
2022-03-14,30.6,31349.1
2022-03-15,31.3,94384.4
2022-03-16,30.7,126124.6
2022-03-17,28.16,99188.7
2022-03-18,27.73,143112.9
2022-03-19,27.41,202958.6
2022-03-20,27.47,73290.5
2022-03-21,27.54,60003.4
2022-03-22,28.4,217081.3
2022-03-23,28.91,241055.9
2022-03-24,30.2,169056.9
2022-03-25,31.6,88565.9
2022-03-26,30.29,37899.1
2022-03-27,29.56,22465.2
2022-03-28,27.51,28734.8
2022-03-29,27.52,53739.8
2022-03-30,28.6,119127.2
2022-03-31,28.29,233639.6
2022-04-01,27.71,122764.3
2022-04-02,27.82,54087.6
2022-04-03,28.97,59112.8
2022-04-04,28.8,87221.3
2022-04-05,29.8,150438.2
2022-04-06,31.44,274642.0
2022-04-07,30.1,150033.0
2022-04-08,31.2,101737.9
2022-04-09,31.5,47991.5
2022-04-10,32.49,37378.5
2022-04-11,28.82,84858.6
2022-04-12,30.43,93649.3
2022-04-13,32.69,161831.9
2022-04-14,34.9,215344.8
2022-04-15,33.8,54380.2
2022-04-16,32.69,76497.3
2022-04-17,30.82,100305.8
2022-04-18,30.91,171321.9
2022-04-19,29.45,194346.3
2022-04-20,29.27,60877.7
2022-04-21,28.61,102675.4
2022-04-22,30.81,69020.4
2022-04-23,29.31,130530.3
2022-04-24,32.41,88204.1
2022-04-25,32.81,98355.5
2022-04-26,33.34,114709.7
2022-04-27,30.65,63114.6
2022-04-28,33.06,44275.1
2022-04-29,34.61,64363.8
2022-04-30,31.06,139658.9
2022-05-01,30.79,154920.6
2022-05-02,31.55,131066.4
2022-05-03,31.61,156027.9
2022-05-04,31.29,132494.7
2022-05-05,32.29,123155.7
2022-05-06,33.84,183904.4
2022-05-07,36.81,184767.7
2022-05-08,34.19,93594.6
2022-05-09,33.56,64525.4
2022-05-10,32.69,72072.09999999999
2022-05-11,33.21,51733.3
2022-05-12,31.69,97312.2
2022-05-13,33.75,115178.2
2022-05-14,32.98,76571.5
2022-05-15,32.71,88036.6
2022-05-16,32.96,116482.9
2022-05-17,33.89,77699.8
2022-05-18,34.21,80403.2
2022-05-19,33.16,103062.1
2022-05-20,33.43,115490.1
2022-05-21,33.18,124319.9
2022-05-22,33.0,168445.4
2022-05-23,33.75,177936.4
2022-05-24,34.08,196151.7
2022-05-25,32.7,250340.6
2022-05-26,34.32,260638.8
2022-05-27,34.1,176848.4
2022-05-28,33.26,131318.4
2022-05-29,33.56,77574.4
2022-05-30,33.2,79456.9
2022-05-31,34.11,80011.6
2022-06-01,34.41,115279.0
2022-06-02,36.31,111169.5
2022-06-03,35.55,106986.6
2022-06-04,34.38,140948.4
2022-06-05,33.84,99001.1
2022-06-06,35.6,139244.2
2022-06-07,38.19,178887.5
2022-06-08,36.71,167404.1
2022-06-09,35.98,175581.2
2022-06-10,37.04,134754.6
2022-06-11,38.61,110033.2
2022-06-12,38.11,95773.9
2022-06-13,37.61,116245.3
2022-06-14,38.19,124637.9
2022-06-15,37.25,101596.0
2022-06-16,37.5,112989.4
2022-06-17,35.81,92689.8
2022-06-18,37.5,77980.2
2022-06-19,39.06,69279.7
2022-06-20,39.91,74612.9
2022-06-21,40.01,83753.4
2022-06-22,39.36,56337.7
2022-06-23,37.12,94481.4
2022-06-24,39.49,72184.3
2022-06-25,36.23,95823.1
2022-06-26,36.03,109482.4
2022-06-27,39.97,113893.4
2022-06-28,38.46,102739.3
2022-06-29,40.33,105228.0
2022-06-30,38.65,101710.1
2022-07-01,37.69,109978.5
2022-07-02,40.44,134816.8
2022-07-03,39.16,125022.7
2022-07-04,39.13,131158.7
2022-07-05,38.81,166274.4
2022-07-06,40.89,172129.7
2022-07-07,40.45,137989.69999999998
2022-07-08,39.34,183997.4
2022-07-09,37.2,188940.80000000002
2022-07-10,38.55,153827.3
2022-07-11,39.42,97653.9
2022-07-12,39.44,92109.5
2022-07-13,39.14,102893.8
2022-07-14,38.69,115570.5
2022-07-15,38.7,135526.1
2022-07-16,40.59,137538.8
2022-07-17,39.52,115125.4
2022-07-18,40.11,141132.7
2022-07-19,38.53,164361.8
2022-07-20,38.38,84746.5
2022-07-21,38.89,110764.5
2022-07-22,40.4,141322.4
2022-07-23,41.26,125397.0
2022-07-24,38.22,157138.4
2022-07-25,38.54,137978.6
2022-07-26,37.07,136652.3
2022-07-27,37.69,144177.9
2022-07-28,36.49,133761.9
2022-07-29,37.52,124251.1
2022-07-30,37.12,108818.1
2022-07-31,38.36,109113.0
2022-08-01,39.79,114945.5
2022-08-02,39.16,124677.7
2022-08-03,40.5,124840.1
2022-08-04,38.05,146917.7
2022-08-05,37.09,121216.6
2022-08-06,37.61,151026.3
2022-08-07,38.66,167518.6
2022-08-08,39.33,174317.2
2022-08-09,39.97,150669.7
2022-08-10,39.01,128617.9
2022-08-11,37.56,158199.19999999998
2022-08-12,38.16,117951.9
2022-08-13,39.51,125180.7
2022-08-14,38.49,100782.3
2022-08-15,39.76,82297.7
2022-08-16,37.76,113883.90000000001
2022-08-17,38.36,91104.8
2022-08-18,39.97,119797.6
2022-08-19,37.91,127003.0
2022-08-20,37.44,138636.3
2022-08-21,36.08,173255.6
2022-08-22,36.86,181750.8
2022-08-23,37.47,196133.3
2022-08-24,38.33,162806.0
2022-08-25,38.34,165651.4
2022-08-26,38.29,159112.9
2022-08-27,37.01,116837.4
2022-08-28,36.28,154864.6
2022-08-29,36.36,159298.1
2022-08-30,37.65,190741.0
2022-08-31,37.65,139747.19999999998
2022-09-01,37.15,90145.0
2022-09-02,36.92,89179.1
2022-09-03,36.28,135539.3
2022-09-04,36.69,141501.7
2022-09-05,37.8,175425.0
2022-09-06,39.5,190568.6
2022-09-07,38.1,111273.8
2022-09-08,38.3,76603.4
2022-09-09,34.69,90242.0
2022-09-10,37.4,119739.0
2022-09-11,34.6,176271.3
2022-09-12,37.0,192002.0
2022-09-13,36.5,92049.7
2022-09-14,36.96,76335.0
2022-09-15,37.4,64883.8
2022-09-16,34.79,62755.2
2022-09-17,35.23,63050.9
2022-09-18,36.6,76714.1
2022-09-19,37.9,97485.2
2022-09-20,36.1,107867.4
2022-09-21,36.2,71597.0
2022-09-22,35.4,99832.3
2022-09-23,36.5,99614.7
2022-09-24,35.4,47746.6
2022-09-25,35.88,48500.8
2022-09-26,35.31,78706.3
2022-09-27,34.59,58856.1
2022-09-28,34.42,124728.7
2022-09-29,33.99,142880.9
2022-09-30,33.8,159186.4
2022-10-01,32.11,149065.5
2022-10-02,34.1,74018.6
2022-10-03,32.95,62707.2
2022-10-04,34.1,47214.1
2022-10-05,32.62,63477.8
2022-10-06,33.4,37881.5
2022-10-07,34.0,38500.5
2022-10-08,33.5,32183.4
2022-10-09,34.1,23399.5
2022-10-10,31.81,37907.7
2022-10-11,31.57,41403.700000000004
2022-10-12,33.5,105644.3
2022-10-13,31.22,215412.5
2022-10-14,31.1,116688.2
2022-10-15,31.29,58666.5
2022-10-16,29.95,64069.3
2022-10-17,31.1,92007.6
2022-10-18,30.65,65491.6
2022-10-19,31.39,50093.6
2022-10-20,30.06,25045.7
2022-10-21,30.96,20880.3
2022-10-22,30.16,39685.2
2022-10-23,31.12,53365.7
2022-10-24,30.1,92483.0
2022-10-25,31.66,169824.6
2022-10-26,30.52,151721.7
2022-10-27,29.51,47170.2
2022-10-28,29.22,51458.7
2022-10-29,29.07,98265.90000000001
2022-10-30,29.59,78480.1
2022-10-31,28.79,85023.9
2022-11-01,28.19,91874.1
2022-11-02,28.89,66386.7
2022-11-03,29.12,42951.6
2022-11-04,29.44,83423.8
2022-11-05,28.66,263867.0
2022-11-06,29.29,115803.2
2022-11-07,28.69,62652.6
2022-11-08,30.34,64002.0
2022-11-09,30.24,100728.2
2022-11-10,29.24,132654.4
2022-11-11,29.31,255110.6
2022-11-12,28.8,228038.3
2022-11-13,28.19,40076.9
2022-11-14,27.59,42234.4
2022-11-15,27.76,120321.3
2022-11-16,27.7,122415.59999999999
2022-11-17,27.73,32393.9
2022-11-18,27.44,16764.9
2022-11-19,26.71,26228.5
2022-11-20,27.5,65246.1
2022-11-21,28.25,37769.4
2022-11-22,27.78,32387.399999999998
2022-11-23,27.05,32778.4
2022-11-24,26.76,46794.7
2022-11-25,27.14,174399.69999999998
2022-11-26,28.09,138309.2
2022-11-27,28.0,207452.0
2022-11-28,26.28,114037.4
2022-11-29,29.27,28634.8
2022-11-30,26.29,237167.9
2022-12-01,26.65,140071.0
2022-12-02,27.77,35418.7
2022-12-03,26.5,54028.5
2022-12-04,26.9,73114.0
2022-12-05,26.17,40736.3
2022-12-06,25.8,73840.1
2022-12-07,26.56,104167.8
2022-12-08,26.0,113997.3
2022-12-09,25.96,70031.9
2022-12-10,26.16,77903.9
2022-12-11,26.1,132149.1
2022-12-12,26.28,66937.4
2022-12-13,26.96,61778.200000000004
2022-12-14,26.56,209168.19999999998
2022-12-15,26.58,284060.4
2022-12-16,25.35,173496.80000000002
2022-12-17,25.88,48602.6
2022-12-18,23.74,12706.3
2022-12-19,25.35,20745.7
2022-12-20,25.96,114458.4
2022-12-21,26.75,59528.4
2022-12-22,26.61,70473.1
2022-12-23,27.21,154913.5
2022-12-24,26.03,63003.9
2022-12-25,26.33,30583.1
2022-12-26,26.69,35005.3
2022-12-27,25.41,127778.59999999999
2022-12-28,27.17,63105.0
2022-12-29,27.78,37596.8
2022-12-30,26.21,161969.6
2022-12-31,26.14,163197.5
2023-01-01,24.78,133558.3
2023-01-02,26.97,57180.5
2023-01-03,25.8,221977.0
2023-01-04,26.5,294544.0
2023-01-05,25.6,156273.4
2023-01-06,25.47,55504.6
2023-01-07,26.39,33994.7
2023-01-08,26.61,65890.2
2023-01-09,25.41,84317.8
2023-01-10,26.89,69070.9
2023-01-11,25.5,50148.2
2023-01-12,24.22,103738.6
2023-01-13,26.69,213699.6
2023-01-14,26.66,68951.0
2023-01-15,25.59,81566.8
2023-01-16,25.61,84766.4
2023-01-17,26.19,116785.90000000001
2023-01-18,26.09,73362.5
2023-01-19,24.83,164149.3
2023-01-20,26.0,86052.3
2023-01-21,26.04,44074.7
2023-01-22,25.09,268912.7
2023-01-23,25.39,161742.9
2023-01-24,25.29,37021.2
2023-01-25,25.4,216766.5
2023-01-26,26.75,186230.7
2023-01-27,25.76,37710.8
2023-01-28,26.25,16916.6
2023-01-29,25.74,71203.3
2023-01-30,26.64,164610.7
2023-01-31,26.36,51893.3
2023-02-01,24.7,44828.9
2023-02-02,26.81,72522.5
2023-02-03,26.49,82746.4
2023-02-04,25.01,23974.8
2023-02-05,25.02,28924.3
2023-02-06,23.99,22212.0
2023-02-07,23.98,28220.1
2023-02-08,24.75,88768.9
2023-02-09,25.07,192481.9
2023-02-10,26.3,103781.0
2023-02-11,25.39,150778.6
2023-02-12,23.58,146144.5
2023-02-13,25.84,44108.9
2023-02-14,25.66,83940.4
2023-02-15,26.58,73954.5
2023-02-16,27.31,121940.3
2023-02-17,26.39,139604.2
2023-02-18,26.4,24901.3
2023-02-19,25.26,3378.2999999999997
2023-02-20,26.5,16093.800000000001
2023-02-21,25.68,28118.9
2023-02-22,28.47,179371.2
2023-02-23,26.74,108601.5
2023-02-24,27.24,82744.3
2023-02-25,27.22,88502.4
2023-02-26,28.4,49193.2
2023-02-27,27.81,170133.6
2023-02-28,28.6,134510.7
2023-03-01,28.06,61662.299999999996
2023-03-02,28.78,128007.1
2023-03-03,27.46,206363.8
2023-03-04,28.3,111476.9
2023-03-05,27.28,30792.0
2023-03-06,26.34,34821.5
2023-03-07,27.22,22635.1
2023-03-08,27.89,34407.8
2023-03-09,27.96,75516.40000000001
2023-03-10,28.42,177318.8
2023-03-11,27.67,73345.0
2023-03-12,28.44,159758.7
2023-03-13,28.41,111801.0
2023-03-14,28.11,101860.29999999999
2023-03-15,27.49,99432.5
2023-03-16,28.86,84473.4
2023-03-17,28.21,191854.30000000002
2023-03-18,27.79,62006.4
2023-03-19,25.71,24633.4
2023-03-20,28.61,20343.4
2023-03-21,29.87,63147.3
2023-03-22,30.31,101227.1
2023-03-23,29.17,66410.5
2023-03-24,28.6,134619.0
2023-03-25,30.06,161741.8
2023-03-26,28.84,97506.7
2023-03-27,31.4,126562.7
2023-03-28,30.27,88997.6
2023-03-29,30.53,56734.9
2023-03-30,32.0,31530.3
2023-03-31,30.5,127927.90000000001
2023-04-01,30.75,206492.8
2023-04-02,30.8,56367.1
2023-04-03,29.52,81232.3
2023-04-04,30.45,68077.6
2023-04-05,29.47,136640.8
2023-04-06,28.89,120014.5
2023-04-07,29.67,138990.1
2023-04-08,30.64,143112.3
2023-04-09,31.0,71265.0
2023-04-10,30.34,35860.8
2023-04-11,29.35,20485.1
2023-04-12,30.8,23065.0
2023-04-13,32.36,56597.7
2023-04-14,30.4,54255.2
2023-04-15,30.86,98122.2
2023-04-16,29.68,157071.8
2023-04-17,29.7,74096.8
2023-04-18,30.6,33233.8
2023-04-19,28.85,62157.0
2023-04-20,29.49,147674.0
2023-04-21,29.94,138418.6
2023-04-22,29.96,108606.1
2023-04-23,30.6,124336.7
2023-04-24,30.17,58079.299999999996
2023-04-25,31.31,30272.399999999998
2023-04-26,30.76,66066.4
2023-04-27,32.31,185238.30000000002
2023-04-28,31.29,188885.1
2023-04-29,31.24,148639.2
2023-04-30,33.09,156401.5
2023-05-01,32.45,130625.9
2023-05-02,32.79,42223.1
2023-05-03,33.51,29078.7
2023-05-04,32.35,61938.200000000004
2023-05-05,34.27,73960.59999999999
2023-05-06,32.99,99644.3
2023-05-07,32.83,198794.2
2023-05-08,32.0,123870.4
2023-05-09,32.57,85608.09999999999
2023-05-10,33.72,76450.8
2023-05-11,32.32,122182.9
2023-05-12,31.54,128656.4
2023-05-13,32.29,151156.5
2023-05-14,33.75,96722.8
2023-05-15,32.1,59484.1
2023-05-16,33.87,80889.9
2023-05-17,33.34,55641.5
2023-05-18,33.91,75556.0
2023-05-19,35.5,98269.6
2023-05-20,36.25,117379.4
2023-05-21,33.73,104280.2
2023-05-22,33.74,58817.7
2023-05-23,33.74,64005.1
2023-05-24,33.61,89586.5
2023-05-25,34.54,56591.7
2023-05-26,34.78,70935.1
2023-05-27,34.89,83921.6
2023-05-28,36.9,88831.1
2023-05-29,34.2,77922.2
2023-05-30,33.7,39997.0
2023-05-31,34.21,47308.4
2023-06-01,34.98,53216.1
2023-06-02,34.36,60819.5
2023-06-03,33.59,85507.1
2023-06-04,34.53,58767.700000000004
2023-06-05,35.92,49227.2
2023-06-06,36.56,58235.7
2023-06-07,34.99,58216.2
2023-06-08,35.5,41413.2
2023-06-09,34.62,67905.2
2023-06-10,35.43,71000.9
2023-06-11,35.79,143554.69999999998
2023-06-12,39.64,177881.0
2023-06-13,39.27,100728.3
2023-06-14,38.61,146497.1
2023-06-15,36.41,210973.6
2023-06-16,37.96,105138.7
2023-06-17,36.18,101418.3
2023-06-18,34.17,143830.7
2023-06-19,34.76,127459.8
2023-06-20,37.25,101327.2
2023-06-21,36.24,147540.8
2023-06-22,34.84,129723.7
2023-06-23,35.25,131950.19999999998
2023-06-24,38.09,117207.0
2023-06-25,36.76,140181.4
2023-06-26,38.31,106545.1
2023-06-27,36.13,111578.9
2023-06-28,37.81,67868.9
2023-06-29,38.21,67666.2
2023-06-30,36.46,72238.7
2023-07-01,36.39,114357.0
2023-07-02,38.56,138982.1
2023-07-03,38.81,79517.7
2023-07-04,38.73,96329.2
2023-07-05,39.71,125729.4
2023-07-06,41.01,124435.0
2023-07-07,40.21,110158.1
2023-07-08,39.86,136161.0
2023-07-09,39.28,154088.4
2023-07-10,41.09,121397.1
2023-07-11,40.08,133475.1
2023-07-12,41.49,86232.6
2023-07-13,40.68,127702.40000000001
2023-07-14,40.68,118662.3
2023-07-15,40.64,159052.4
2023-07-16,41.51,156059.5
2023-07-17,40.46,104383.0
2023-07-18,41.41,65506.1
2023-07-19,42.32,86110.59999999999
2023-07-20,40.81,108059.1
2023-07-21,40.83,134619.0
2023-07-22,41.57,121638.4
2023-07-23,40.69,72577.8
2023-07-24,40.56,89101.8
2023-07-25,41.98,45856.3
2023-07-26,40.68,95315.3
2023-07-27,39.74,77559.6
2023-07-28,40.48,137713.4
2023-07-29,40.86,172411.0
2023-07-30,38.83,115383.2
2023-07-31,36.02,69524.2
2023-08-01,38.4,64145.9
2023-08-02,38.69,53679.2
2023-08-03,38.84,98615.90000000001
2023-08-04,38.75,143423.4
2023-08-05,40.21,100108.59999999999
2023-08-06,40.98,145989.1
2023-08-07,40.36,156331.7
2023-08-08,40.21,110881.7
2023-08-09,39.51,103746.5
2023-08-10,39.94,136558.7
2023-08-11,41.84,127482.9
2023-08-12,41.19,110754.2
2023-08-13,41.56,114387.5
2023-08-14,38.76,157282.6
2023-08-15,38.44,134227.1
2023-08-16,39.69,69518.4
2023-08-17,39.32,74977.2
2023-08-18,39.19,58881.9
2023-08-19,36.69,40367.700000000004
2023-08-20,40.0,60198.299999999996
2023-08-21,37.36,38734.7
2023-08-22,37.61,32340.3
2023-08-23,36.66,50919.200000000004
2023-08-24,36.21,114328.3
2023-08-25,38.19,121330.0
2023-08-26,39.17,82607.5
2023-08-27,39.39,42552.8
2023-08-28,41.06,74821.8
2023-08-29,40.68,98032.9
2023-08-30,39.29,173273.9
2023-08-31,37.39,116280.4
2023-09-01,36.79,35936.1
2023-09-02,35.55,45906.1
2023-09-03,37.19,21696.100000000002
2023-09-04,37.42,24256.7
2023-09-05,37.56,42870.6
2023-09-06,38.11,46624.4
2023-09-07,38.15,54668.5
2023-09-08,37.21,65407.7
2023-09-09,38.11,55220.4
2023-09-10,37.61,91606.1
2023-09-11,37.92,111430.0
2023-09-12,39.52,123603.5
2023-09-13,39.23,79865.6
2023-09-14,37.1,83059.0
2023-09-15,37.08,66884.4
2023-09-16,37.24,57950.6
2023-09-17,37.75,106406.5
2023-09-18,36.84,68792.3
2023-09-19,39.19,75306.3
2023-09-20,39.11,34278.700000000004
2023-09-21,37.14,44113.9
2023-09-22,34.89,70884.0
2023-09-23,37.04,152648.0
2023-09-24,35.64,156005.1
2023-09-25,35.42,105101.7
2023-09-26,34.93,116709.4
2023-09-27,35.19,94909.2
2023-09-28,35.26,48348.200000000004
2023-09-29,33.41,54439.0
2023-09-30,34.15,73289.8
2023-10-01,31.36,53976.1
2023-10-02,32.5,47364.3
2023-10-03,33.51,45826.1
2023-10-04,33.81,39133.4
2023-10-05,31.33,177054.5
2023-10-06,33.96,75376.7
2023-10-07,34.69,46972.3
2023-10-08,36.21,39709.0
2023-10-09,34.34,12626.1
2023-10-10,32.7,22191.6
2023-10-11,32.36,124605.3
2023-10-12,33.15,256949.4
2023-10-13,33.21,166882.1
2023-10-14,31.84,134214.1
2023-10-15,31.91,41309.1
2023-10-16,31.37,23087.5
2023-10-17,31.66,13299.9
2023-10-18,32.13,25639.3
2023-10-19,31.09,37371.9
2023-10-20,31.0,84180.7
2023-10-21,31.19,52725.8
2023-10-22,32.36,45619.9
2023-10-23,31.48,45361.2
2023-10-24,32.77,90263.59999999999
2023-10-25,31.72,132032.3
2023-10-26,29.69,137136.6
2023-10-27,30.4,80495.1
2023-10-28,30.91,67442.8
2023-10-29,29.64,118195.7
2023-10-30,31.0,100549.3
2023-10-31,30.5,36173.3
2023-11-01,31.2,21606.9
2023-11-02,31.0,27456.4
2023-11-03,30.0,16636.8
2023-11-04,30.6,32436.0
2023-11-05,30.73,36434.6
2023-11-06,30.55,50359.299999999996
2023-11-07,30.71,29467.199999999997
2023-11-08,30.2,21535.6
2023-11-09,30.36,37344.0
2023-11-10,30.13,96435.8
2023-11-11,29.64,109270.6
2023-11-12,29.39,48303.7
2023-11-13,30.8,83713.9
2023-11-14,29.96,54578.9
2023-11-15,30.2,95377.3
2023-11-16,29.85,111085.5
2023-11-17,29.7,55157.9
2023-11-18,27.34,54435.7
2023-11-19,29.2,46830.2
2023-11-20,29.74,64124.9
2023-11-21,30.4,216175.0
2023-11-22,29.86,140185.1
2023-11-23,30.51,47868.7
2023-11-24,29.16,16586.1
2023-11-25,29.06,11820.4
2023-11-26,28.94,80807.6
2023-11-27,29.0,58495.9
2023-11-28,29.51,12226.199999999999
2023-11-29,29.24,3325.4
2023-11-30,29.67,26222.0
2023-12-01,25.82,167115.5
2023-12-02,29.74,151005.7
2023-12-03,28.24,140829.0
2023-12-04,25.7,69406.5
2023-12-05,28.47,42714.700000000004
2023-12-06,29.19,39454.3
2023-12-07,28.76,20494.2
2023-12-08,28.36,18480.5
2023-12-09,27.89,92531.5
2023-12-10,28.31,294140.6
2023-12-11,28.05,209921.6
2023-12-12,28.26,21814.6
2023-12-13,28.31,10950.2
2023-12-14,28.67,34873.9
2023-12-15,28.16,71534.3
2023-12-16,27.36,102967.1
2023-12-17,26.66,267880.1
2023-12-18,26.16,247277.0
2023-12-19,26.08,63785.1
2023-12-20,26.7,32694.1
2023-12-21,26.64,26339.2
2023-12-22,26.83,67572.0
2023-12-23,27.34,64624.8
2023-12-24,27.85,139851.3
2023-12-25,26.98,232816.6
2023-12-26,26.44,155888.7
2023-12-27,26.58,130645.8
2023-12-28,26.91,106641.90000000001
2023-12-29,26.21,48302.4
2023-12-30,27.15,44705.0
2023-12-31,26.57,24079.5
2024-01-01,26.25,15104.699999999999
2024-01-02,26.39,11876.699999999999
2024-01-03,26.36,89988.7
2024-01-04,26.45,46275.7
2024-01-05,26.04,62160.3
2024-01-06,26.3,240581.9
2024-01-07,25.99,129983.7
2024-01-08,26.41,68686.5
2024-01-09,25.37,467624.8
2024-01-10,24.99,362013.4
2024-01-11,25.53,59182.5
2024-01-12,26.05,126637.1
2024-01-13,26.17,211900.3
2024-01-14,26.32,73800.1
2024-01-15,26.3,39105.4
2024-01-16,27.86,57054.8
2024-01-17,27.3,59272.6
2024-01-18,26.31,35705.0
2024-01-19,27.03,59238.8
2024-01-20,26.6,31467.7
2024-01-21,26.59,43503.2
2024-01-22,27.04,126760.40000000001
2024-01-23,26.0,173457.2
2024-01-24,25.7,197358.80000000002
2024-01-25,25.82,273733.6
2024-01-26,26.21,222652.7
2024-01-27,26.25,166239.9
2024-01-28,27.64,229176.9
2024-01-29,28.3,52062.8
2024-01-30,28.09,13746.4
2024-01-31,28.19,25842.9
2024-02-01,28.34,49403.9
2024-02-02,28.84,74560.1
2024-02-03,30.11,128475.5
2024-02-04,28.4,167059.6
2024-02-05,27.35,148379.0
2024-02-06,27.32,58500.1
2024-02-07,27.91,59976.3
2024-02-08,27.93,52452.6
2024-02-09,28.3,34834.3
2024-02-10,28.21,75859.1
2024-02-11,27.56,172308.5
2024-02-12,27.6,194221.2
2024-02-13,28.81,122377.7
2024-02-14,28.4,42090.6
2024-02-15,28.14,59318.4
2024-02-16,28.75,47732.6
2024-02-17,27.85,76731.2
2024-02-18,29.21,74430.4
2024-02-19,28.97,50969.3
2024-02-20,28.73,43525.1
2024-02-21,27.59,44245.8
2024-02-22,26.79,69835.7
2024-02-23,28.25,71130.9
2024-02-24,26.77,27305.0
2024-02-25,26.47,18412.4
2024-02-26,25.54,22001.2
2024-02-27,27.46,57377.8
2024-02-28,28.44,204978.1
2024-02-29,28.01,110615.6
2024-03-01,27.71,159959.3
2024-03-02,28.4,164705.3
2024-03-03,28.08,139299.8
2024-03-04,29.31,72871.7
2024-03-05,28.93,168687.2
2024-03-06,28.39,197505.5
2024-03-07,28.47,154509.2
2024-03-08,29.24,175003.5
2024-03-09,29.55,246316.5
2024-03-10,30.17,115311.7
2024-03-11,29.19,44515.4
2024-03-12,29.03,21195.3
2024-03-13,29.17,16568.9
2024-03-14,29.14,125821.0
2024-03-15,28.58,158608.8
2024-03-16,28.75,62514.3
2024-03-17,31.7,63164.3
2024-03-18,30.5,50162.2
2024-03-19,30.6,8464.0
2024-03-20,29.0,6770.0
2024-03-21,28.11,35825.5
2024-03-22,27.44,103998.7
2024-03-23,29.4,255690.5
2024-03-24,30.3,122004.6
2024-03-25,30.0,124070.6
2024-03-26,28.0,194847.8
2024-03-27,29.53,113027.3
2024-03-28,27.98,113187.2
2024-03-29,29.24,82475.2
2024-03-30,29.43,71546.1
2024-03-31,29.4,60965.4
2024-04-01,30.19,100709.8
2024-04-02,28.79,180476.8
2024-04-03,29.96,216018.4
2024-04-04,29.73,109654.2
2024-04-05,30.52,35407.5
2024-04-06,29.5,22435.1
2024-04-07,28.98,61461.4
2024-04-08,30.59,49613.4
2024-04-09,30.1,127941.2
2024-04-10,30.63,189258.7
2024-04-11,29.86,315342.5
2024-04-12,29.8,136221.4
2024-04-13,30.64,59522.3
2024-04-14,30.64,37948.3
2024-04-15,31.36,36294.0
2024-04-16,31.46,121177.1
2024-04-17,31.71,102104.3
2024-04-18,32.31,73772.0
2024-04-19,31.43,57759.2
2024-04-20,30.89,76314.5
2024-04-21,29.9,106949.9
2024-04-22,31.01,25884.8
2024-04-23,33.5,34306.1
2024-04-24,29.3,28347.1
2024-04-25,32.0,47774.700000000004
2024-04-26,29.64,166443.0
2024-04-27,29.69,144656.69999999998
2024-04-28,31.96,217159.7
2024-04-29,32.2,189079.8
2024-04-30,33.5,138160.6
2024-05-01,33.6,80827.6
2024-05-02,31.39,132644.7
2024-05-03,31.69,140298.5
2024-05-04,31.61,175493.4
2024-05-05,32.6,165756.6
2024-05-06,32.5,114737.4
2024-05-07,34.8,160689.1
2024-05-08,34.9,148130.8
2024-05-09,33.66,258959.4
2024-05-10,33.09,148735.6
2024-05-11,32.1,47170.9
2024-05-12,33.1,60786.8
2024-05-13,35.2,128006.0
2024-05-14,36.5,186649.7
2024-05-15,36.2,139547.5
2024-05-16,36.5,121118.5
2024-05-17,36.9,121825.59999999999
2024-05-18,38.0,151455.6
2024-05-19,34.11,75224.7
2024-05-20,32.69,80890.4
2024-05-21,33.0,136751.0
2024-05-22,35.8,108221.2
2024-05-23,37.4,102112.5
2024-05-24,35.5,144180.7
2024-05-25,35.5,96734.9
2024-05-26,35.1,168761.3
2024-05-27,38.0,199143.8
2024-05-28,34.8,116439.3
2024-05-29,34.9,81396.9
2024-05-30,37.3,90839.7
2024-05-31,37.0,126936.0
2024-06-01,38.9,120999.2
2024-06-02,37.1,115805.8
2024-06-03,35.1,145202.2
2024-06-04,36.4,124491.59999999999
2024-06-05,35.4,167104.0
2024-06-06,36.72,101024.7
2024-06-07,37.78,42344.8
2024-06-08,36.44,44680.299999999996
2024-06-09,37.2,68156.2
2024-06-10,37.6,72010.9
2024-06-11,40.3,64120.7
2024-06-12,36.8,77669.7
2024-06-13,36.9,84026.6
2024-06-14,37.2,65052.0
2024-06-15,37.1,60757.8
2024-06-16,38.3,93142.8
2024-06-17,39.9,96581.8
2024-06-18,35.4,116103.1
2024-06-19,39.1,95090.4
2024-06-20,39.4,122986.1
2024-06-21,40.38,108370.2
2024-06-22,40.19,139875.5
2024-06-23,38.6,133697.3
2024-06-24,40.5,74244.7
2024-06-25,38.48,87302.7
2024-06-26,39.4,141973.2
2024-06-27,39.92,148472.7
2024-06-28,39.9,138399.6
2024-06-29,39.77,142328.6
2024-06-30,40.63,151879.6
2024-07-01,40.7,115902.7
2024-07-02,41.22,113099.8
2024-07-03,41.89,88299.7
2024-07-04,39.64,115345.6
2024-07-05,40.83,170547.80000000002
2024-07-06,40.75,98903.9
2024-07-07,40.09,97133.9
2024-07-08,40.38,145662.5
2024-07-09,40.5,124078.8
2024-07-10,40.31,153189.3
2024-07-11,41.58,52741.6
2024-07-12,40.68,58252.5
2024-07-13,39.92,98347.0
2024-07-14,40.5,108865.8
2024-07-15,40.75,109915.9
2024-07-16,39.0,146688.8
2024-07-17,38.56,131222.8
2024-07-18,40.35,133965.7
2024-07-19,39.7,98896.9
2024-07-20,40.34,117712.2
2024-07-21,39.96,159992.9
2024-07-22,40.37,121639.7
2024-07-23,39.8,120107.2
2024-07-24,40.17,158444.1
2024-07-25,39.75,129270.1
2024-07-26,39.95,102027.3
2024-07-27,40.22,95126.8
2024-07-28,37.88,76269.3
2024-07-29,37.27,152539.4
2024-07-30,38.11,134258.8
2024-07-31,39.5,139431.9
2024-08-01,39.4,132468.5
2024-08-02,38.77,124098.4
2024-08-03,39.8,117867.0
2024-08-04,40.68,92368.2
2024-08-05,40.58,193070.1
2024-08-06,39.09,229036.6
2024-08-07,39.32,128834.8
2024-08-08,38.5,126344.7
2024-08-09,38.9,143227.1
2024-08-10,39.8,89697.7
2024-08-11,40.4,56776.5
2024-08-12,39.5,52171.0
2024-08-13,40.5,45550.6
2024-08-14,41.9,68151.2
2024-08-15,42.1,96690.2
2024-08-16,40.0,137333.1
2024-08-17,39.04,120279.7
2024-08-18,41.9,113610.0
2024-08-19,40.7,103818.0
2024-08-20,41.0,39556.6
2024-08-21,38.21,36214.799999999996
2024-08-22,37.7,51851.1
2024-08-23,41.0,42290.8
2024-08-24,39.1,26880.1
2024-08-25,39.9,35044.2
2024-08-26,38.0,33314.1
2024-08-27,37.3,107825.8
2024-08-28,40.5,74324.09999999999
2024-08-29,37.7,81316.2
2024-08-30,38.16,165554.4
2024-08-31,38.5,101280.2
2024-09-01,38.4,80990.4
2024-09-02,38.4,67714.90000000001
2024-09-03,38.8,62948.2
2024-09-04,37.22,67782.1
2024-09-05,38.58,101857.5
2024-09-06,41.6,147789.0
2024-09-07,38.51,127650.7
2024-09-08,38.9,37520.799999999996
2024-09-09,38.09,33271.299999999996
2024-09-10,38.25,60273.9
2024-09-11,36.67,98703.6
2024-09-12,36.5,167111.3
2024-09-13,37.8,109237.0
2024-09-14,36.6,53448.5
2024-09-15,39.2,34826.5
2024-09-16,37.3,61805.4
2024-09-17,37.01,97870.7
2024-09-18,36.7,63130.4
2024-09-19,37.0,35839.2
2024-09-20,36.4,35679.7
2024-09-21,35.6,40386.4
2024-09-22,37.0,141738.5
2024-09-23,37.0,71219.8
2024-09-24,35.7,79456.7
2024-09-25,36.9,221052.30000000002
2024-09-26,36.8,417673.1
2024-09-27,38.57,401127.2
2024-09-28,38.56,42958.4
2024-09-29,38.26,26565.699999999997
2024-09-30,37.1,12126.3
2024-10-01,37.34,25628.6
2024-10-02,37.0,18316.5
2024-10-03,37.4,14918.4
2024-10-04,34.6,68343.9
2024-10-05,35.08,35369.1
2024-10-06,37.7,44036.6
2024-10-07,35.4,37425.299999999996
2024-10-08,34.55,24023.2
2024-10-09,33.8,71171.8
2024-10-10,33.6,65859.4
2024-10-11,34.4,5436.9
2024-10-12,33.4,18873.7
2024-10-13,32.14,40175.2
2024-10-14,32.65,41187.0
2024-10-15,32.6,25040.3
2024-10-16,33.37,15361.1
2024-10-17,33.3,19332.100000000002
2024-10-18,33.1,27354.9
2024-10-19,33.4,34473.6
2024-10-20,33.8,23413.2
2024-10-21,33.0,22688.8
2024-10-22,32.92,13955.4
2024-10-23,32.1,5446.6
2024-10-24,33.9,12347.3
2024-10-25,32.4,34980.9
2024-10-26,31.5,16879.7
2024-10-27,31.1,23398.0
2024-10-28,30.5,16640.9
2024-10-29,30.8,33643.4
2024-10-30,30.27,66148.7
2024-10-31,30.04,183459.3
2024-11-01,30.81,111658.3
2024-11-02,30.36,61785.8
2024-11-03,30.4,137266.6
2024-11-04,30.15,175645.4
2024-11-05,29.04,181180.8
2024-11-06,30.29,126470.7
2024-11-07,30.2,97554.3
2024-11-08,30.38,67018.2
2024-11-09,29.64,103831.5
2024-11-10,29.09,120782.8
2024-11-11,29.09,93001.6
2024-11-12,27.96,34385.5
2024-11-13,28.43,105602.7
2024-11-14,28.0,192057.7
2024-11-15,28.86,64006.1
2024-11-16,28.02,15761.7
2024-11-17,28.17,31026.0
2024-11-18,30.1,135154.0
2024-11-19,26.9,321421.3
2024-11-20,26.74,127859.40000000001
2024-11-21,29.5,96206.9
2024-11-22,27.21,90073.6
2024-11-23,28.74,79863.6
2024-11-24,28.26,27381.8
2024-11-25,28.01,36402.9
2024-11-26,28.56,70398.3
2024-11-27,28.36,44054.299999999996
2024-11-28,28.09,67597.4
2024-11-29,27.68,46073.3
2024-11-30,27.71,8945.3
2024-12-01,27.48,5837.7
2024-12-02,28.3,6918.5
2024-12-03,27.79,4121.4
2024-12-04,27.75,41099.6
2024-12-05,27.97,68900.9
2024-12-06,26.44,16803.0
2024-12-07,26.94,39726.6
2024-12-08,26.06,100589.6
2024-12-09,26.44,227820.6
2024-12-10,26.68,93157.40000000001
2024-12-11,26.47,209866.1
2024-12-12,26.96,127712.9
2024-12-13,26.43,20195.4
2024-12-14,25.74,113381.40000000001
2024-12-15,26.33,84000.5
2024-12-16,26.75,103194.1
2024-12-17,26.6,95353.8
2024-12-18,26.31,82691.0
2024-12-19,25.29,55155.1
2024-12-20,25.54,18041.7
2024-12-21,25.21,17404.0
2024-12-22,26.25,19630.6
2024-12-23,25.29,30634.7
2024-12-24,26.26,64681.6
2024-12-25,26.75,83939.90000000001
2024-12-26,25.19,91523.4
2024-12-27,26.71,182673.0
2024-12-28,26.22,199111.9
2024-12-29,26.28,346008.2
2024-12-30,26.63,107392.90000000001
2024-12-31,26.1,58329.3
