context_id,label,metric_value,unit,threshold,recommended_action,data_type,source_data_type,source_file,limitation
summer_hot_observation_share,Hot June-July observations,56.22,percent of station-date observations,maximum temperature >= 30 C,Add water points and shade,derived,derived,weather_risk_summary.csv,Historical multi-station evidence; not a live forecast or a venue-specific claim.
summer_rainy_observation_share,Rainy June-July observations,37.94,percent of station-date observations,precipitation > 0 mm,Add covered waiting and shuttle capacity,derived,derived,weather_risk_summary.csv,Historical multi-station evidence; not a live forecast or a venue-specific claim.
summer_heavy_rain_observation_share,Heavy-rain June-July observations,5.14,percent of station-date observations,precipitation > 20 mm,Stage additional covered capacity and monitor disruption risk,derived,derived,weather_risk_summary.csv,Historical multi-station evidence; not a live forecast or a venue-specific claim.
summer_windy_observation_share,Windy June-July observations,0.35,percent of station-date observations,wind speed >= 20 knots,Secure temporary structures,derived,derived,weather_risk_summary.csv,Historical multi-station evidence; not a live forecast or a venue-specific claim.
summer_low_visibility_observation_share,Low-visibility June-July observations,4.05,percent of station-date observations,visibility <= 5 km,Use slower vehicle assumptions and active staff guidance,derived,derived,weather_risk_summary.csv,Historical multi-station evidence; not a live forecast or a venue-specific claim.
all_period_low_risk_observation_share,Low-risk observations,48.87,percent of station-date observations,FinalFlow low risk-score band,Normal operations,derived,derived,weather_risk_summary.csv,"Historical multi-station evidence; not a live forecast or a venue-specific claim. Risk bands are FinalFlow project heuristics, not scientific standards."
all_period_medium_risk_observation_share,Medium-risk observations,44.86,percent of station-date observations,FinalFlow medium risk-score band,Apply the actions triggered by the active weather flags,derived,derived,weather_risk_summary.csv,"Historical multi-station evidence; not a live forecast or a venue-specific claim. Risk bands are FinalFlow project heuristics, not scientific standards."
all_period_high_risk_observation_share,High-risk observations,6.26,percent of station-date observations,FinalFlow high risk-score band,Apply all triggered actions and increase operational monitoring,derived,derived,weather_risk_summary.csv,"Historical multi-station evidence; not a live forecast or a venue-specific claim. Risk bands are FinalFlow project heuristics, not scientific standards."
spatial_high_heat_locations,High heat concern locations,8300,exploratory locations,UHI > 7 heuristic,Review shade and water provision after site validation.,derived,derived,spatial_heat_locations.csv,Exploratory spatial context; not venue-specific heat validation.
